F3E07,Number of Records,Unitid,private
124744,1,100690,0
3803384,1,100937,0
575099,1,101073,0
12121257,1,101116,1
2911400,1,101189,0
499703,1,101277,1
4479027,1,101365,1
1539109,1,101435,0
180265,1,101453,0
685652,1,101541,0
1549162,1,101675,0
1785631,1,101693,0
2886727,1,101912,0
2334607,1,101958,1
11995317,1,102049,0
0,1,102058,0
4439067,1,102234,0
308952,1,102261,0
1303149,1,102270,0
845377,1,102298,0
10234660,1,102377,0
191375,1,102395,0
0,1,102580,0
1482649,1,102669,0
54489602,1,102845,1
5094256,1,103501,1
29307868,1,103644,1
20974762,1,103723,1
1194927,1,103732,1
1528363,1,103741,1
4178980,1,103778,0
108575,1,103787,0
20093020,1,103811,1
10760043,1,103893,1
19230483,1,103909,1
7821150,1,103927,1
0,1,103945,0
597179,1,103954,1
18116845,1,103963,1
43275636,1,104090,1
7726012,1,104188,1
3153369,1,104294,1
11548534,1,104364,1
609170,1,104391,1
543129,1,104434,1
1189588,1,104443,1
1482305,1,104504,1
2407911,1,104568,1
201729,1,104665,0
397205414,1,104717,1
25444483,1,104805,1
3086653,1,104911,1
6550254,1,105118,1
5173705,1,105163,1
7464208,1,105172,1
34180000,1,105215,1
1679313,1,105482,1
39435569,1,105516,1
14994270,1,105534,1
10689563,1,105543,1
622996,1,105589,0
7606050,1,105659,1
445851,1,105677,1
477168,1,105701,1
380894,1,105899,0
9107978,1,105987,1
42265000,1,106041,1
25064274,1,106102,1
2681182,1,106111,1
304168,1,106281,1
964126,1,106306,0
310982,1,106315,1
265877,1,106324,1
1477543,1,106342,0
702526,1,106351,1
443728,1,106360,1
1573218,1,106494,1
0,1,106546,0
912897,1,106713,0
109077,1,106810,0
4841503,1,106892,1
3766420,1,106908,1
9303198,1,107044,0
4359220,1,107080,0
635894,1,107099,1
0,1,107123,0
3423367,1,107141,0
305519,1,107211,1
903995,1,107220,1
106266,1,107275,1
926948,1,107293,1
426260,1,107363,1
351413,1,107442,1
3786520,1,107512,0
1461417,1,107558,0
1414057,1,107600,0
274507,1,107655,1
880280,1,107789,1
417477,1,107831,1
67110,1,107840,0
808549,1,107877,0
51225,1,108065,1
297669535,1,108232,1
6558735,1,108250,1
5965,1,108269,0
828515,1,108348,1
864056,1,108649,1
218418,1,108852,0
174464,1,108861,0
903340,1,108870,0
704229,1,108977,1
60151238,1,109040,1
853816,1,109086,0
1163252,1,109332,1
1594000,1,109651,0
6501553,1,109721,1
1607802,1,109730,1
11477572,1,109785,0
2113641,1,109934,1
160378,1,110060,0
10133763,1,110097,0
22048073,1,110185,1
2029964,1,110194,1
28492971,1,110219,1
146845,1,110307,0
406794,1,110316,0
8726065,1,110361,0
2614000,1,110370,0
66673000,1,110404,0
6634137,1,110413,0
848218,1,110468,0
312425,1,110778,0
839956,1,110875,1
46802,1,110918,0
0,1,110945,0
17340580,1,111009,1
2359899,1,111054,1
2510665,1,111081,0
1727775,1,111391,0
2644267,1,111513,1
199320,1,111638,0
34904,1,111708,0
48919,1,111717,0
11953,1,111726,0
58224,1,111744,0
4309,1,111762,0
0,1,111771,0
0,1,111799,0
16698045,1,111948,0
2814500,1,111966,0
3562414,1,112075,0
130229,1,112084,0
404407,1,112127,0
300000,1,112181,1
2611616,1,112251,0
7497000,1,112260,0
3666980,1,112288,1
9971657,1,112394,1
331162,1,112446,0
519447,1,112455,1
8178396,1,112525,0
270737,1,112570,0
24462065,1,113397,1
2580176,1,113449,1
31339,1,113537,0
3748978,1,113582,1
3558170,1,113698,0
4045,1,113704,0
9699921,1,113908,1
1761302,1,114044,1
6269841,1,114071,1
6481282,1,114080,1
3205535,1,114114,1
5677870,1,114123,1
128645575,1,114354,1
2778072,1,114460,1
310394,1,114549,0
7555112,1,114585,1
280414,1,114628,1
17262,1,114734,0
568864,1,114761,1
2324040,1,114813,0
2957000,1,114840,0
399611,1,114947,0
7268746,1,115010,1
4185147,1,115083,0
1007831,1,115214,0
248333,1,115357,1
2430092,1,115409,0
16828623,1,115454,1
21453446,1,115472,1
19335300,1,115490,1
17989222,1,115515,1
20832143,1,115533,1
729112,1,115658,1
1734766,1,115728,0
22251665,1,115746,1
647164,1,115773,0
3139604,1,115931,1
3253493,1,116226,1
5459537,1,116350,1
13228498,1,116466,1
7065992,1,116475,1
8765461,1,116484,1
2041560,1,116563,1
1122406,1,116712,0
2303208,1,116846,0
548448,1,117104,0
31486983,1,117113,1
6317698,1,117140,0
780831,1,117168,0
987161,1,117238,1
747862,1,117520,0
0,1,117557,0
33849,1,117575,0
3920858,1,117627,0
18193395,1,117636,0
944485,1,117672,0
1600620,1,117751,0
32101139,1,117928,1
23231000,1,117946,0
2319758,1,117955,1
560501,1,118116,1
246973,1,118125,1
1011609,1,118134,1
505805,1,118143,1
1513256,1,118161,1
1061323,1,118189,1
8430060,1,118198,1
6560835,1,118259,1
17051889,1,118277,1
11447192,1,118286,1
38965284,1,118356,1
1946694,1,118541,0
2073891,1,118693,0
4933231,1,118888,0
9075379,1,118921,1
472154,1,118958,1
10247090,1,118967,1
584253,1,118994,1
3532222,1,119173,0
2479007,1,119234,1
29994607,1,119270,1
1346803,1,119340,1
8979699,1,119359,1
1243651,1,119368,1
1239404,1,119438,1
7283308,1,119456,1
7488095,1,119465,1
9941660,1,119508,1
13765000,1,119544,1
11744270,1,119553,1
17602262,1,119605,0
17044000,1,119775,1
1562806,1,119845,1
2917874,1,119951,1
3313525,1,120069,1
5869962,1,120078,1
2267793,1,120087,1
900896,1,120166,0
1681200,1,120184,0
7157311,1,120254,0
889071,1,120272,1
1818192,1,120403,0
894444,1,120537,0
10440000,1,120661,1
508004,1,120698,0
118520,1,120740,0
94090,1,120768,0
275122,1,120795,0
0,1,120838,0
1590757,1,120865,0
16314774,1,120883,0
923597,1,121017,1
20266000,1,121150,0
3590887,1,121257,0
5760479,1,121275,1
4185366,1,121309,0
12701000,1,121345,0
10836946,1,121381,1
906427,1,121433,1
8267,1,121628,0
742045,1,121637,1
9846304,1,121691,0
2566881,1,121859,1
1860769,1,121868,1
10779193,1,121983,1
1535743,1,121992,1
0,1,122117,0
714320,1,122250,0
1425770,1,122296,0
6563693,1,122366,1
15406000,1,122436,0
847559,1,122454,0
1444007,1,122506,0
742732,1,122603,0
16955000,1,122612,0
197795,1,122649,0
101845143,1,122685,1
1036796,1,122728,0
10768577,1,122834,1
48940343,1,122843,1
3693888,1,122852,1
30029000,1,122931,0
180552,1,123095,0
4112000,1,123165,0
18557703,1,123208,1
47341,1,123280,0
420000,1,123350,1
1400000,1,123396,1
158740,1,123448,0
921416,1,123457,0
6541746,1,123554,0
3848675,1,123581,1
94415,1,123633,0
4593852,1,123642,1
2183677,1,123651,0
11542000,1,123679,1
678737,1,123855,0
27646,1,123916,0
1701703,1,123943,0
852060,1,123952,0
161285000,1,123961,0
3007576,1,123970,0
703670,1,124283,0
1965273,1,124292,0
8512733,1,124344,1
80212,1,124487,0
86000000,1,124681,1
10635000,1,124706,1
10225000,1,124937,1
84370,1,125037,0
1163631,1,125082,1
452133000,1,125231,1
20290,1,125310,1
108218656,1,125532,1
166097,1,125718,0
5789800,1,125727,0
5337913,1,125763,0
2746108,1,125897,0
162173,1,126012,0
11930279,1,126030,1
2700035,1,126049,0
241044,1,126076,0
862544,1,126164,1
7399563,1,126359,1
5258324,1,126401,1
14054523,1,126605,1
1420755,1,126669,0
6855810,1,126678,0
11578000,1,126687,1
32071011,1,126702,1
1679853,1,126784,1
28022659,1,126827,1
722000,1,126854,1
0,1,126872,0
1579111,1,126924,1
18586932,1,126951,1
1166885,1,126979,0
9180434,1,127024,1
12394988,1,127060,0
374519,1,127219,1
1692143,1,127228,1
526160,1,127273,0
2559473,1,127316,1
602894,1,127653,0
2518789,1,127680,1
4146522,1,127699,1
357601,1,127714,0
5508835,1,127787,1
5404116,1,127839,1
5608337,1,127918,0
17795524,1,127945,1
0,1,127954,0
8393205,1,128179,1
9851302,1,128188,1
1228274,1,128337,1
61308,1,128425,0
1017903,1,128498,0
1342681,1,128540,1
13830,1,128586,0
35760447,1,128674,1
20922205,1,128683,1
3882000,1,128744,0
5359959,1,128896,1
8071000,1,128902,0
1679357,1,128957,1
4759545,1,129002,1
2256207,1,129154,0
19310785,1,129181,1
14192000,1,129242,0
2554255,1,129349,1
255000,1,129428,0
8080039,1,129482,1
198773,1,129491,0
13823199,1,129525,0
235740,1,129534,0
7225557,1,129613,1
297050,1,129686,0
1669179,1,129774,0
18901573,1,129923,1
5629517,1,129932,1
9158450,1,129941,0
2742067,1,129969,1
2061344,1,130110,1
5215296,1,130129,1
53914069,1,130174,1
86804654,1,130183,1
22938626,1,130226,0
11491788,1,130253,0
3038000,1,130314,0
0,1,130448,0
11017405,1,130509,1
2575966,1,130581,1
11894149,1,130590,0
9783000,1,130697,0
0,1,130785,0
218606966,1,130794,0
18733,1,130837,0
9326765,1,130873,1
54114257,1,130943,0
820396,1,130989,0
1505060,1,131061,1
1352633,1,131098,0
3792795,1,131113,0
26129000,1,131159,0
11405471,1,131283,0
1053481,1,131308,0
596884,1,131405,0
12101512,1,131450,0
60032000,1,131469,0
43473000,1,131496,0
52625000,1,131520,0
17289983,1,131742,1
17032749,1,131803,1
0,1,131830,0
1068745,1,131876,0
1163921,1,131973,0
14528951,1,132268,1
38088654,1,132338,1
479179,1,132408,0
5765677,1,132471,0
461791,1,132523,1
3866439,1,132602,0
4182365,1,132657,0
1006123,1,132666,1
11406361,1,132806,1
497850,1,132842,0
251619,1,132879,0
457425,1,133085,0
16979810,1,133465,1
5023708,1,133492,0
1454723,1,133526,0
24558000,1,133553,0
6539332,1,133711,0
1011200,1,133809,0
7561000,1,133845,1
7964000,1,133854,1
6833000,1,133863,1
125701,1,133872,0
7952380,1,133881,0
708966,1,133942,1
2452655,1,133979,0
96188551,1,133997,1
1398928,1,134024,1
4731842,1,134079,0
43494302,1,134112,1
2464530,1,134121,1
22365639,1,134149,1
113296,1,134228,1
345351486,1,134237,1
918791,1,134422,1
152022,1,134510,0
2484542,1,134529,1
1595740,1,134574,1
20956882,1,134680,1
2744227,1,134714,1
65262113,1,134811,1
7980755,1,134909,1
4477664,1,134945,0
364582,1,135063,0
3876253,1,135081,0
9113277,1,135124,1
1907934,1,135142,1
1725884,1,135337,1
206222,1,135364,0
6323497,1,135416,1
77173,1,135610,0
121276433,1,135726,0
6339204,1,135771,1
157884,1,135939,0
9833979,1,135957,1
395404,1,136048,1
14292235,1,136066,1
5745364,1,136075,1
1822088,1,136109,1
34264475,1,136215,0
12233267,1,136288,1
6140409,1,136330,0
486811,1,136701,0
9937875,1,136774,0
564900,1,136783,1
9959000,1,136950,0
8354997,1,137032,0
10167275,1,137148,1
21271,1,137272,0
3408958,1,137476,0
4721665,1,137537,1
8299353,1,137546,0
4373118,1,137564,0
2675293,1,137591,1
46289,1,137777,0
10936556,1,137801,1
7571395,1,137810,1
10816337,1,137847,0
73407,1,137953,0
158243,1,137962,0
566094,1,138132,1
632592,1,138275,0
491127,1,138293,0
73392381,1,138309,1
5519950,1,138600,0
9898554,1,138655,1
1087406,1,138664,1
684761,1,138761,0
63495987,1,138813,1
5008002,1,138822,1
1253773,1,138868,0
14517323,1,138929,1
3083142,1,138938,1
7204569,1,138947,0
13306607,1,139074,1
562391,1,139092,1
6058366,1,139144,0
347898,1,139153,0
1532289,1,139199,0
453985,1,139205,0
2576758,1,139214,1
76422,1,139287,0
1408023,1,139348,0
2266015,1,139393,0
2172413,1,139506,1
21435080,1,139579,1
940167,1,139630,0
217148000,1,139658,0
5505,1,139995,0
2773884,1,140003,1
230000,1,140146,0
3627581,1,140234,0
4722446,1,140252,0
5842058,1,140340,1
14721929,1,140447,0
4664491,1,140553,0
4640675,1,140562,0
1788714,1,140696,0
540867,1,140720,0
2857095,1,140818,0
1779492,1,140827,1
2028685,1,140872,0
24535334,1,140951,0
1764423,1,140988,0
4745333,1,141015,1
5442177,1,141060,0
483540,1,141167,0
705490,1,141185,0
1028032,1,141237,0
1841334,1,141325,0
3083102,1,141361,0
21466308,1,141468,1
3480618,1,141486,0
1265964,1,141608,1
2390391,1,141644,0
1426185,1,141848,1
0,1,141936,0
1413443,1,141945,1
13782000,1,142054,1
179903,1,142090,0
2058350,1,142294,0
5692382,1,142337,1
190790,1,142407,1
356584,1,142416,1
2183395,1,142461,0
294671,1,142489,1
21165000,1,142522,0
955315,1,142832,0
477920,1,142869,1
451248,1,142878,1
7758558,1,142887,1
9896000,1,143048,0
4150109,1,143084,0
5101957,1,143118,0
105515,1,143233,0
809214,1,143288,0
0,1,143297,0
0,1,143303,0
13454399,1,143358,0
4717378,1,143376,1
1486209,1,143464,1
482857,1,143473,1
509611,1,143482,1
539158,1,143491,1
554761,1,143516,1
236378,1,143534,1
1579952,1,143543,1
778800,1,143552,1
1249289,1,143659,0
389080,1,143695,1
12100577,1,143853,0
2367112,1,143978,0
1046311,1,144014,0
152674270,1,144050,0
13128897,1,144281,0
2700974,1,144351,0
19660535,1,144467,1
11950704,1,144485,1
921986,1,144573,1
37591000,1,144740,0
382739944,1,144777,1
1758763,1,144795,1
927292,1,144883,0
4245326,1,144962,0
2111502,1,144971,0
2912717,1,145099,1
7877151,1,145239,1
1582724,1,145275,0
447746,1,145309,1
0,1,145354,0
1870821,1,145372,0
2452750,1,145406,1
771811,1,145424,1
935168,1,145433,1
17090158,1,145460,1
260789,1,145497,0
5888662,1,145558,0
3795097,1,145619,0
3434672,1,145628,0
4801084,1,145646,0
3707219,1,145691,0
14681000,1,145725,0
16575397,1,145770,1
2751,1,145886,0
38413608,1,146010,1
4619991,1,146241,0
1699925,1,146339,0
40850000,1,146393,1
3069556,1,146427,0
713994,1,146454,1
3206621,1,146481,0
293172,1,146490,0
172165,1,146533,0
7097726,1,146612,0
9065,1,146621,0
1034234,1,146667,0
1540193,1,146676,0
14574764,1,146700,1
46123985,1,146719,0
689084,1,146728,0
120000,1,146755,0
7197,1,146791,0
443739,1,146807,1
0,1,146816,0
551056,1,146825,0
1041062,1,146977,0
2960126,1,147013,0
49465,1,147031,0
517557,1,147129,0
7353523,1,147165,1
4748667,1,147244,0
4570453,1,147341,0
5325155,1,147369,0
159378,1,147396,0
796734,1,147439,1
2476822,1,147536,0
1467912,1,147590,0
380649,1,147642,1
5538104,1,147660,0
4699228,1,147679,0
437597,1,147697,0
16342685,1,147749,1
110389000,1,147767,0
743115,1,147819,1
5073344,1,147828,0
7284778,1,147970,1
5211421,1,148016,0
316512,1,148098,1
1818203,1,148131,0
2561996,1,148140,1
48660461,1,148177,1
8460763,1,148335,0
6834133,1,148399,1
1413609,1,148405,0
9852017,1,148487,0
3290121,1,148496,0
132330000,1,148511,0
0,1,148575,0
2589602,1,148584,0
186799,1,148593,0
5424074,1,148627,0
49532,1,148724,0
33023,1,148849,0
820799,1,148876,0
0,1,148885,0
195973,1,148955,0
1686986,1,148982,0
0,1,149028,0
794257,1,149204,1
3341315,1,149310,1
250373,1,149329,0
236751,1,149499,1
3076188,1,149505,0
2287881,1,149514,0
1521545,1,149550,1
0,1,149639,0
27361,1,149763,0
10183631,1,149781,0
339261,1,150048,0
3070000,1,150066,0
63072,1,150075,1
2151034,1,150145,0
14158000,1,150163,0
423954,1,150172,0
743696,1,150215,0
2528084,1,150251,1
888764,1,150288,0
1668074,1,150303,1
8499090,1,150400,0
692710,1,150428,1
410645,1,150437,1
2879315,1,150455,0
4912824,1,150534,0
3022850,1,150604,0
2659577,1,150668,0
1572766,1,150677,0
834845,1,150695,1
1159017,1,150710,1
2918878,1,150756,0
867226,1,150765,1
826922,1,150774,0
1663206,1,150853,1
2137290,1,150941,0
89339630,1,151166,1
6939237,1,151263,0
2388887,1,151290,0
6517262,1,151458,1
6089059,1,151467,1
250599570,1,151485,1
7488576,1,151494,1
5937326,1,151500,1
69263241,1,151519,1
172798,1,151564,1
300092,1,151607,1
9298299,1,151616,1
4877052,1,151625,1
1398013,1,151652,1
20562749,1,151661,1
2919965,1,151777,0
3728700,1,151786,0
11176047,1,151801,0
529786,1,151810,0
250765,1,151829,1
384332,1,151865,0
298849,1,151874,1
10340197,1,151944,1
432,1,151962,0
398356,1,152044,1
56251295,1,152080,0
1297924,1,152099,0
319372,1,152150,1
6042435,1,152220,1
1325563,1,152275,1
927859,1,152309,1
15741036,1,152318,0
1480903,1,152327,1
2998371,1,152336,0
1604153,1,152363,0
1246552,1,152381,0
5153151,1,152390,0
5016574,1,152415,1
318516,1,152451,0
0,1,152497,0
4960486,1,152530,0
3405695,1,152567,0
12226000,1,152600,0
534545,1,152628,1
4522274,1,152673,0
0,1,152798,0
881980,1,152822,0
910164,1,152992,0
5150338,1,153001,0
1656564,1,153074,1
2129515,1,153083,1
189056,1,153092,1
4001097,1,153108,0
1671497,1,153126,0
3145284,1,153144,0
3334843,1,153162,0
323848,1,153171,1
0,1,153241,0
2096761,1,153250,0
7721698,1,153269,0
4621349,1,153278,0
319005,1,153302,0
562132,1,153320,0
386797,1,153339,1
2177727,1,153366,0
2795629,1,153375,0
11607000,1,153384,0
3246046,1,153409,1
6312172,1,153418,1
3734393,1,153427,1
239143,1,153463,1
0,1,153542,0
431634,1,153588,1
2227016,1,153597,1
1126484,1,153621,0
1400106,1,153746,1
1812493,1,153764,1
1513320,1,153773,1
1171352,1,153782,1
2776743,1,153825,0
6426409,1,153834,0
1979000,1,153861,0
394944,1,153977,0
1883098,1,154004,0
1928194,1,154013,0
508835000,1,154022,1
2386516,1,154101,0
1748556,1,154156,0
507579,1,154165,1
3574161,1,154174,0
3047810,1,154208,1
4396724,1,154235,0
6699,1,154262,0
748115,1,154332,1
1192673,1,154341,1
3151400,1,154350,0
2166878,1,154448,1
521940,1,154457,1
701843,1,154466,1
3154881,1,154493,0
13651010,1,154518,1
3730803,1,154527,0
421598,1,154536,0
435386,1,154545,1
1281688,1,154590,0
2239206,1,154688,0
5417082,1,154712,0
1008497,1,154721,0
1154253,1,154749,0
8795504,1,154767,1
7864755,1,154776,1
1941091,1,154794,1
0,1,154837,0
369605,1,154855,0
1282840,1,154970,1
382854,1,155007,0
134660,1,155070,0
2482413,1,155089,0
481532,1,155159,1
807585,1,155177,0
9505000,1,155283,1
1698181,1,155335,0
172628,1,155353,1
829176,1,155414,0
404204,1,155441,1
286335,1,155496,0
1243233,1,155511,0
1513024,1,155520,0
2262793,1,155627,0
1231401,1,155812,0
613329,1,155867,1
1168514,1,155900,0
648438,1,155937,0
815966,1,155973,0
17992478,1,156134,1
1314816,1,156189,0
3278047,1,156213,0
1911362,1,156222,0
563200,1,156277,1
4221438,1,156286,0
6880454,1,156295,0
3797604,1,156310,1
698232,1,156356,0
2546221,1,156365,0
5590553,1,156408,0
243389,1,156417,0
2264438,1,156426,1
62745,1,156444,1
36672200,1,156471,1
2835941,1,156541,0
211374,1,156727,0
2401214,1,156745,0
550469,1,156754,1
2546941,1,156842,1
2923269,1,156903,1
144265,1,156949,1
1748594,1,156967,1
21322892,1,157021,1
72528,1,157030,0
705717,1,157076,0
968802,1,157100,0
153039,1,157207,0
2565439,1,157216,0
6954748,1,157270,1
920379,1,157298,0
688715,1,157359,0
1594023,1,157377,0
200708,1,157456,1
5621126,1,157465,1
216082,1,157508,1
2342901,1,157535,0
21415528,1,157599,1
948884,1,157614,1
825259,1,157632,0
1263845,1,157650,1
993252,1,157669,1
1448704,1,157678,1
8640119,1,157696,1
2778980,1,157748,0
1302045,1,157757,0
10253577,1,157766,1
70433494,1,157793,1
1320429,1,157809,0
3363244,1,157818,0
1136418,1,157827,1
979936,1,157863,0
520604,1,158158,1
2665202,1,158246,1
0,1,158325,0
0,1,158334,0
541127,1,158343,1
1580506,1,158440,1
2376465,1,158477,0
197466,1,158538,1
4410317,1,158617,1
749716,1,158644,1
2672234,1,158723,1
226433,1,158778,1
546570,1,158787,1
9906218,1,158802,0
1248271,1,159027,1
6500817,1,159197,1
111049,1,159319,1
335000,1,159328,1
2978051,1,159513,1
2360892,1,159522,1
373884,1,159531,1
1842799,1,159568,0
231844,1,159601,1
4983538,1,159656,0
673611,1,159948,0
396872,1,160029,0
376127,1,160065,0
379204,1,160074,0
266324,1,160117,1
212367,1,160126,1
247844,1,160135,1
527155,1,160199,1
35248343,1,160320,1
211418,1,160409,0
3814911,1,160445,1
423596,1,160472,1
102508,1,160524,0
684158,1,160597,1
54199000,1,160755,0
10479843,1,160904,0
10044524,1,160940,1
1366959,1,160959,0
6239724,1,160977,0
2978256,1,160995,1
9540708,1,161004,0
0,1,161022,0
8751000,1,161086,0
4786625,1,161165,0
206402,1,161208,0
7543102,1,161457,0
2815186,1,161493,1
850247,1,161509,0
1999737,1,161518,0
5482564,1,161527,1
1484302,1,161563,0
888723,1,161572,0
534737,1,161615,1
589671,1,161651,1
5162525,1,161776,1
2238198,1,161800,1
1030055,1,161855,1
588300,1,162061,0
1939496,1,162210,0
869444,1,162335,1
6224690,1,162371,1
6675000,1,162654,0
9443954,1,162681,1
3430146,1,162760,0
614550,1,162830,1
194469000,1,162928,0
2016234,1,162982,1
13925821,1,163028,1
10394010,1,163046,0
291969,1,163107,1
5628526,1,163295,0
1277810,1,163408,1
6346544,1,163462,0
469414,1,163532,0
3441456,1,163541,1
3144011,1,163578,0
8770119,1,163736,1
1120488,1,163754,1
838687,1,163815,1
1057897,1,163921,0
3083843,1,163976,0
6721489,1,164058,1
310122,1,164085,0
4551314,1,164100,1
6244079,1,164173,0
7214435,1,164216,0
6393000,1,164270,0
270326,1,164368,0
8269599,1,164438,1
2621619,1,164447,0
13487470,1,164465,0
640158,1,164474,0
2056031,1,164492,0
3462266,1,164562,0
10110800,1,164580,0
693156,1,164599,1
113087,1,164614,0
2259963,1,164632,0
17110200,1,164641,1
2291207,1,164678,1
2191217,1,164720,0
18938000,1,164739,0
11452752,1,164748,0
2154428,1,164845,1
1548140,1,164872,0
66337,1,164915,0
53516336,1,164924,0
1826884,1,164933,0
93780248,1,164988,0
23959704,1,165015,0
0,1,165060,0
1129467,1,165167,0
2747872,1,165255,1
75749,1,165264,0
7341122,1,165334,0
25342,1,165495,0
5601518,1,165529,0
5084309,1,165556,1
3366105,1,165574,0
4627200,1,165635,1
1554389,1,165644,0
17907498,1,165662,0
6853936,1,165671,0
4900910,1,165699,0
389760,1,165705,0
919147,1,165750,1
1391591,1,165802,0
346763,1,165884,0
6265766,1,165936,0
1149111,1,165945,0
6307302,1,166009,1
2388162,1,166018,0
293106000,1,166027,0
679447,1,166045,0
856625,1,166054,0
509667,1,166063,1
12946346,1,166124,0
7145627,1,166276,1
304985,1,166294,1
394177,1,166319,1
422739,1,166328,1
4202928,1,166391,0
468336,1,166407,0
5929186,1,166452,0
372555,1,166489,0
952557,1,166498,1
337412,1,166586,1
480176,1,166595,1
48820,1,166601,0
10622813,1,166656,0
129138000,1,166683,0
610280,1,166717,0
589185,1,166805,1
4674771,1,166850,0
2173426,1,166869,0
527673,1,166911,0
10738369,1,166939,0
2192522,1,166948,0
2304240,1,166975,1
298302,1,166984,0
6179009,1,167020,1
214982,1,167039,1
1854323,1,167057,0
1401114,1,167093,0
56866,1,167181,0
1552485,1,167215,0
2641404,1,167224,1
792980,1,167251,0
3064986,1,167260,0
103608,1,167297,0
28937210,1,167321,1
53670031,1,167358,0
1483927,1,167394,0
1049675,1,167455,0
146323,1,167464,0
2927286,1,167598,0
628461,1,167677,0
27295697,1,167738,1
12333978,1,167783,0
1810581,1,167792,0
19792614,1,167835,0
8387684,1,167899,0
6690063,1,167996,0
10282713,1,168005,0
278522,1,168032,1
42960496,1,168148,0
15792000,1,168218,0
12206068,1,168227,0
8425406,1,168254,0
7321454,1,168281,0
3064320,1,168290,0
19165645,1,168342,0
16789000,1,168421,0
2920044,1,168528,0
5007759,1,168546,0
240568,1,168555,1
4262026,1,168573,1
2232177,1,168591,0
4263380,1,168740,0
2873540,1,168786,0
22080907,1,168847,0
689871,1,168892,1
162459,1,169071,1
6160296,1,169080,0
423011,1,169099,0
2566892,1,169187,1
121025,1,169220,0
3201800,1,169284,1
803925,1,169327,0
1001132,1,169363,0
1275411,1,169424,0
3742279,1,169442,0
9118683,1,169479,0
2271500,1,169503,1
1226191,1,169576,1
1387242,1,169628,0
14949225,1,169655,1
7466429,1,169716,0
24132978,1,169761,1
378492,1,169947,1
3238016,1,169983,0
169178,1,170000,0
2819049,1,170037,0
8205401,1,170046,1
420201,1,170091,0
6303845,1,170301,0
6416932,1,170417,1
416605,1,170514,1
2540393,1,170532,0
1329749,1,170611,1
6107424,1,170675,0
285452,1,170736,1
2952298,1,170806,0
1531132,1,170842,0
779848,1,170967,0
0,1,171012,0
776134,1,171261,1
6908291,1,171313,1
11705944,1,171322,1
630409,1,171465,1
4551705,1,171492,0
1437881,1,171599,0
301219,1,171775,1
406232,1,171881,0
1525092,1,171988,1
2293496,1,171997,1
2450830,1,172015,1
0,1,172033,0
1732189,1,172264,0
9115659,1,172325,1
2607886,1,172334,0
554123,1,172440,0
8325962,1,172477,0
2370956,1,172495,1
1425348,1,172608,0
695100,1,172705,0
329737,1,172802,1
2141667,1,172866,1
0,1,172927,0
4226975,1,173045,0
2358223,1,173142,0
4190161,1,173160,0
179267,1,173179,0
10432797,1,173258,0
6162255,1,173300,0
2505427,1,173328,0
1143015,1,173452,0
523395,1,173470,1
3537203,1,173489,1
56601247,1,173629,1
6851005,1,173647,0
6573895,1,173665,0
32333,1,173683,0
241742,1,173726,1
10016171,1,173744,1
26464218,1,173887,1
1303715,1,173896,0
7719000,1,173902,0
86438284,1,173939,1
0,1,173957,0
684401,1,173966,0
25215674,1,173984,1
3285835,1,174118,1
833941,1,174127,0
5779283,1,174154,1
3936684,1,174190,1
156583,1,174206,0
62672009,1,174279,1
1603035,1,174321,1
3517335,1,174385,1
11869196,1,174394,1
1312184,1,174437,0
2320467,1,174482,1
4650700,1,174491,0
1223533,1,174507,0
127368,1,174525,0
4614415,1,174747,0
4740261,1,174792,0
2578551,1,174817,0
11810094,1,174844,0
1593870,1,174862,0
3484758,1,174899,0
18271407,1,174914,0
1418732,1,174978,1
3875968,1,175005,0
63752764,1,175014,1
211591,1,175120,0
266832,1,175139,0
1416992,1,175227,0
1446192,1,175281,0
2112573,1,175421,0
385193,1,175430,0
760448,1,175494,1
310182,1,175591,1
358539,1,175607,1
67518,1,175698,1
279410,1,175722,1
3299469,1,175980,0
6534447,1,176053,0
492817,1,176062,1
736472,1,176318,0
0,1,176336,0
1618504,1,176390,1
1377565,1,176406,0
106158,1,176451,0
3046125,1,176479,0
4144730,1,176549,1
137291,1,176600,0
300750,1,176619,0
1834497,1,176628,0
7808919,1,176637,1
622416,1,176664,0
595263,1,176716,1
98156,1,176770,0
247352,1,176789,0
383737,1,176910,0
1397169,1,176947,0
254361,1,176992,1
1228597,1,177038,0
5197006,1,177065,0
309643,1,177083,0
1413322,1,177092,0
260025,1,177117,0
1053155,1,177126,0
997431,1,177144,0
4022868,1,177214,0
615939,1,177278,0
1506269,1,177287,1
19045241,1,177302,1
2282487,1,177339,0
2431449,1,177418,0
327318,1,177427,0
824801,1,177542,0
8632356,1,177579,1
232285,1,177588,1
959149,1,177603,1
451494,1,177685,1
2453294,1,177719,0
961449,1,177746,0
1122977,1,177816,0
5204595,1,177834,0
0,1,177931,0
13857576,1,177968,0
2595643,1,177986,0
1867226,1,178004,1
4271124,1,178059,0
1098519,1,178077,1
1206477,1,178110,1
2265524,1,178183,1
783600,1,178208,0
8753968,1,178226,1
2138418,1,178244,0
978951,1,178262,1
15173372,1,178305,1
373955,1,178314,1
1624051,1,178350,1
1090000,1,178369,0
2360635,1,178484,1
355477,1,178518,0
321605,1,178527,1
558138,1,178679,0
4149196,1,178697,0
3844315,1,178721,0
1924585,1,178767,1
2389627,1,178891,0
10367066,1,178989,1
2880091,1,179043,0
4084446,1,179070,1
33044591,1,179159,0
180038,1,179195,1
19681598,1,179201,1
302941,1,179229,1
233326,1,179256,0
2828674,1,179265,0
218458,1,179317,0
2738646,1,179326,0
0,1,179399,0
0,1,179450,0
10399172,1,179511,1
1830073,1,179548,0
3045587,1,179812,0
153756000,1,179867,0
11761542,1,179894,0
488488,1,179919,0
2421670,1,179946,0
3247009,1,179955,0
1208498,1,179964,0
451252,1,179991,1
675878,1,180054,0
448178,1,180063,1
655635,1,180090,1
2373495,1,180106,0
667213,1,180258,0
343343,1,180391,1
1567710,1,180595,0
1429055,1,180647,0
588580,1,180771,1
4248411,1,180814,0
1003794,1,180832,0
174542,1,180878,0
1249606,1,180957,1
2814300,1,180984,0
26632461,1,181002,0
3153142,1,181020,0
628633,1,181093,0
2188864,1,181127,0
185707,1,181136,1
0,1,181145,0
3869387,1,181190,1
5940084,1,181242,1
1513012,1,181297,0
1190610,1,181330,0
326400,1,181376,0
7867330,1,181400,1
1834654,1,181446,0
23388,1,181543,0
2285639,1,181604,0
986759,1,181738,0
6546629,1,181756,1
3239,1,181792,0
585780,1,181853,0
2315706,1,181880,1
6913538,1,181941,1
20619504,1,182111,1
11703608,1,182148,1
4692803,1,182209,1
3926639,1,182397,1
3545414,1,182430,1
969184,1,182458,0
1890034,1,182634,0
1085142,1,182652,1
15900965,1,182661,1
57646911,1,182670,0
2294686,1,182704,1
2654224,1,182722,1
2698838,1,182795,0
1179475,1,182829,0
26697403,1,182865,1
669118,1,182892,1
91200,1,182908,0
1822341,1,182953,1
1730915,1,182980,0
662836,1,182999,1
5199553,1,183026,0
315693,1,183035,1
286280,1,183202,1
1748337,1,183211,0
4027510,1,183239,0
0,1,183248,0
130292,1,183275,0
7517487,1,183488,1
22888,1,183600,0
7287746,1,183725,1
52905709,1,183789,1
4006110,1,183804,0
2502977,1,183822,0
1839287,1,183910,0
3494009,1,183974,0
4656770,1,184047,1
9519832,1,184056,1
14225124,1,184135,1
1379128,1,184144,1
0,1,184153,0
2461391,1,184278,1
17737400,1,184320,1
8975000,1,184348,0
29009,1,184357,0
4588132,1,184427,1
1048626,1,184506,1
9253872,1,184603,0
2229484,1,184612,0
2738944,1,184746,1
3152133,1,184773,0
1167912,1,184816,1
15707757,1,184870,1
11787435,1,184959,1
0,1,184968,0
1525766,1,185174,1
9074126,1,185332,1
15050762,1,185396,1
4062557,1,185466,1
10121515,1,185572,0
1474646,1,185624,1
0,1,185651,0
0,1,185679,0
6313121,1,185721,1
866829,1,185730,1
0,1,185758,0
2023733,1,185767,1
2374237,1,185916,1
2657018,1,185970,1
4692480,1,186016,1
9749093,1,186052,1
6461850,1,186122,0
116297000,1,186131,0
447967,1,186186,0
1804104,1,186274,1
9141000,1,186283,0
748547,1,186335,1
0,1,186405,0
0,1,186423,0
3747340,1,186432,0
12874000,1,186584,0
1655836,1,186593,1
2161546,1,186618,0
7409000,1,186867,0
44343,1,186900,0
2362032,1,187000,1
12083592,1,187161,1
16254015,1,187505,1
678775,1,187602,1
23490000,1,188146,1
535387,1,188182,0
117593,1,188207,0
509484,1,188289,1
2953320,1,188340,0
8169067,1,188429,0
7273243,1,188465,1
7401844,1,188517,1
5453595,1,188526,0
1538926,1,188535,0
6781308,1,188580,0
6393976,1,188641,0
7795086,1,188650,1
421263,1,188669,0
410018,1,188678,0
25481,1,188687,0
2570229,1,188696,1
2051910,1,188854,0
28026249,1,188890,1
0,1,188915,0
0,1,188942,0
2798213,1,188988,1
1691884,1,189015,0
8025609,1,189088,0
7093805,1,189097,0
1718937,1,189219,1
91254925,1,189228,1
22840,1,189264,0
63829,1,189273,0
242369,1,189282,0
1216315,1,189404,1
721163,1,189413,0
515109,1,189422,0
40553588,1,189459,1
1488937,1,189468,1
1683555,1,189477,1
5011558,1,189501,0
5849459,1,189556,1
6689055,1,189565,1
8228724,1,189574,1
8273940,1,189583,1
4746887,1,189592,1
561859,1,189653,1
7673480,1,189705,0
2148619,1,189714,1
7978343,1,189811,1
1765812,1,189848,0
169360,1,189857,0
278560,1,189954,1
288246,1,189981,0
0,1,190008,0
6764077,1,190044,0
0,1,190071,0
617873,1,190080,0
14264618,1,190099,0
715673,1,190114,0
182013000,1,190150,0
2075341,1,190239,1
1238425,1,190248,0
1235788,1,190293,1
1723975,1,190309,1
3822890,1,190318,1
8525384,1,190372,0
139718471,1,190415,0
66449638,1,190424,0
46351,1,190451,0
8000649,1,190503,0
0,1,190707,0
2501348,1,190716,0
2387442,1,190725,0
231267,1,190752,0
1382141,1,190761,0
3378319,1,190770,0
152941,1,190956,0
5785053,1,190974,1
4850197,1,190983,0
19445313,1,191205,1
38914956,1,191241,0
22838547,1,191287,1
2746854,1,191320,0
14599000,1,191515,0
3239894,1,191533,0
0,1,191597,0
1230820,1,191621,0
7687068,1,191630,0
17508415,1,191649,0
2399203,1,191676,0
7718168,1,191728,1
74833,1,191764,0
7147102,1,191834,1
5440000,1,191931,0
0,1,191940,0
1905908,1,191959,1
17980014,1,191968,0
3340136,1,192004,1
2479562,1,192040,0
9338699,1,192110,0
8107573,1,192156,1
0,1,192165,0
2476043,1,192192,0
39937006,1,192271,1
5584064,1,192323,0
9341088,1,192439,0
7618530,1,192448,0
0,1,192457,0
1509159,1,192484,1
10718741,1,192509,1
55398,1,192554,0
75217,1,192563,0
110946,1,192624,0
13174883,1,192688,1
6821530,1,192703,0
2441763,1,192712,0
3869021,1,192749,0
257040,1,192785,0
0,1,192800,0
11770182,1,192819,0
605235,1,192828,1
3662119,1,192864,0
3348633,1,192925,0
16094,1,192961,0
0,1,192970,0
4518787,1,193016,0
15108,1,193052,0
11874,1,193061,0
0,1,193070,0
870281,1,193186,1
22267476,1,193201,1
179113,1,193247,0
1397745,1,193265,1
4723388,1,193292,0
102156578,1,193308,1
5700599,1,193353,0
3741555,1,193399,0
56366902,1,193405,0
7405413,1,193584,0
4366,1,193609,0
2968521,1,193645,0
13172000,1,193654,0
368325,1,193672,1
1933634,1,193751,0
12265001,1,193760,1
18777,1,193788,0
9028924,1,193821,0
6846054,1,193830,0
5302847,1,193858,1
15703,1,193894,0
259352000,1,193900,0
4010372,1,193973,0
837913,1,193991,1
825974,1,194073,0
13314257,1,194091,0
1304912,1,194116,0
2323403,1,194161,0
71247,1,194189,0
10351772,1,194310,0
3024455,1,194392,0
1289003,1,194435,1
13665000,1,194499,1
7477000,1,194541,0
173846,1,194569,0
11967618,1,194578,0
143600,1,194611,0
0,1,194657,0
76317,1,194666,0
0,1,194675,0
52795,1,194693,0
22231,1,194718,0
205539,1,194736,0
321566,1,194763,0
31501000,1,194824,0
2035424,1,194879,1
3018237,1,194958,0
7452002,1,194967,1
35100000,1,195003,0
184320000,1,195030,0
38942053,1,195049,0
6295527,1,195067,1
2256041,1,195128,0
115428,1,195155,0
3075441,1,195164,0
4185036,1,195173,0
0,1,195191,0
9445075,1,195216,0
6893206,1,195234,0
2014327,1,195243,0
19872,1,195289,0
4068623,1,195304,0
13175,1,195438,0
6767945,1,195474,0
481353,1,195492,1
12906000,1,195526,0
4420000,1,195544,0
620204,1,195580,0
562,1,195623,0
74332,1,195687,0
6968526,1,195720,0
10352101,1,195784,1
5689,1,195793,0
32295963,1,195809,0
5664907,1,195845,1
10270323,1,196389,1
59821035,1,196413,0
40073,1,196431,0
6658,1,196440,0
9163916,1,196468,0
57843649,1,196477,1
180803,1,196583,0
12946000,1,196592,0
645211,1,196653,0
1774783,1,196680,0
17143136,1,196857,1
10863726,1,196866,0
2045117,1,196884,0
766699,1,197018,0
3770191,1,197045,0
4552085,1,197081,1
19419697,1,197133,0
317381,1,197142,0
123767551,1,197151,1
4560105,1,197197,0
611969,1,197221,0
1294280,1,197230,0
22026179,1,197285,1
630349,1,197337,1
9402414,1,197522,1
621170,1,197531,0
8683,1,197601,0
240472,1,197610,0
97067,1,197647,0
18506,1,197674,0
81883,1,197692,0
52723000,1,197708,0
118583,1,197735,0
190032,1,197744,0
28047908,1,197832,1
1456273,1,197911,0
652732,1,197984,0
1667778,1,197993,0
1333745,1,198066,0
3245863,1,198075,1
0,1,198109,0
8875275,1,198136,0
425181,1,198190,1
2980719,1,198215,0
6506532,1,198242,1
2057793,1,198303,0
9125517,1,198385,0
282980000,1,198419,0
9437140,1,198516,0
508410,1,198525,1
4064705,1,198561,0
875833,1,198598,0
3396716,1,198613,0
35579,1,198677,0
19327432,1,198695,0
68570,1,198747,0
3266906,1,198756,0
1358337,1,198808,0
2733633,1,198835,0
1215975,1,198844,1
1546372,1,198862,0
880099,1,198871,0
2117492,1,198899,0
0,1,198941,0
4628566,1,198950,0
3213847,1,198969,0
28926532,1,198978,1
320133,1,198996,1
252337,1,199005,1
180490,1,199014,1
797247,1,199032,0
2066269,1,199069,0
877312,1,199078,1
1457116,1,199209,0
1401101,1,199272,0
1625913,1,199306,0
250460,1,199315,0
4300349,1,199412,0
233528,1,199458,0
2331753,1,199582,0
1745579,1,199607,0
2511286,1,199643,0
1806934,1,199689,1
455500,1,199698,0
963696,1,199713,1
1983004,1,199759,0
55283000,1,199847,0
1916147,1,199865,0
0,1,199883,0
4010794,1,199962,0
29991,1,199971,0
285491,1,199980,1
12964176,1,200013,1
592032,1,200110,1
301943,1,200129,1
1477883,1,200156,0
1119011,1,200165,1
1799306,1,200217,0
28000,1,200244,0
110219,1,200262,1
1167658,1,200387,1
253076,1,200484,0
983470,1,200527,0
982716,1,200554,0
2147047,1,200590,1
548973,1,200624,1
5495741,1,200633,1
6286027,1,200785,1
47581,1,200873,0
26415262,1,201016,1
6408146,1,201061,0
5489226,1,201104,0
674914,1,201140,0
0,1,201177,0
7945984,1,201195,0
2202622,1,201371,0
5121211,1,201399,1
7927140,1,201469,1
6674970,1,201548,0
155000,1,201584,1
189634,1,201609,1
1346404,1,201618,1
360305,1,201627,1
62169453,1,201645,0
8458393,1,201654,0
31782,1,201681,0
196762,1,201751,0
0,1,201821,0
1108382,1,201858,0
98283,1,201867,0
725543,1,201964,0
604669,1,201982,1
1508071,1,202046,0
5238824,1,202055,1
1562107,1,202073,0
11093625,1,202161,1
1878517,1,202170,0
4748383,1,202435,1
361837,1,202453,1
24259000,1,202480,0
1515283,1,202514,0
10085741,1,202523,0
558616,1,202639,1
8273536,1,202684,1
1029555,1,202736,1
4709418,1,202763,0
3139000,1,202806,0
421057,1,202888,1
391840,1,202903,0
160592,1,202912,0
1725035,1,203067,0
1871434,1,203085,0
2804079,1,203128,0
699718,1,203146,0
4033244,1,203225,1
1904909,1,203234,1
1278473,1,203289,1
5835147,1,203313,1
7580561,1,203368,0
19020004,1,203386,1
1663564,1,203438,1
9462215,1,203535,0
318867,1,203544,0
2181068,1,203580,0
3081825,1,203720,1
2625473,1,203739,1
1867153,1,203757,0
2143836,1,203775,0
4616659,1,203845,0
0,1,203960,0
367234,1,203997,0
5431054,1,204060,1
256000,1,204121,1
834050,1,204176,0
4904890,1,204185,0
2211182,1,204194,0
3974517,1,204200,0
2601092,1,204264,0
15945989,1,204307,1
9438492,1,204316,1
887731,1,204334,1
230268,1,204431,1
1799171,1,204468,0
3076148,1,204486,0
19124784,1,204501,0
0,1,204592,0
19433134,1,204608,1
3205273,1,204617,0
7742372,1,204626,1
7160521,1,204635,0
1546710,1,204714,1
338794,1,204723,1
632253,1,204769,1
681789,1,204778,1
2396111,1,204884,1
0,1,204893,0
3934660,1,204909,0
3617665,1,204936,0
817308,1,204963,1
88346,1,204990,0
932573,1,205027,0
4444143,1,205054,1
46640,1,205090,0
44821,1,205124,0
795600,1,205142,1
46902734,1,205179,1
1291004,1,205203,0
2462234,1,205391,1
1100671,1,205513,1
9259672,1,205568,1
17296739,1,205610,1
12859665,1,205647,1
24860313,1,205726,1
9310614,1,205887,1
4209445,1,205957,0
0,1,206002,0
514846,1,206039,1
2567676,1,206048,0
4361148,1,206093,1
15176,1,206154,0
492506,1,206215,0
3926478,1,206224,1
359223,1,206279,0
292448,1,206288,0
1550399,1,206330,0
1475148,1,206349,0
158000,1,206358,1
3309050,1,206394,1
3234497,1,206437,0
1390495,1,206482,1
1014007,1,206491,0
1719748,1,206507,0
162020,1,206516,0
4283659,1,206525,0
7505179,1,206589,0
13967695,1,206622,0
6475789,1,206631,1
522879,1,206783,1
892721,1,206817,0
1118795,1,206835,0
2181650,1,206862,0
1267394,1,206880,1
1275910,1,206932,1
68284,1,206969,1
444732,1,207087,1
747331,1,207102,1
320522,1,207157,0
50813,1,207166,1
19931896,1,207254,1
261331,1,207272,1
5846593,1,207324,0
2335686,1,207403,0
6770314,1,207458,0
357376,1,207537,1
9310608,1,207582,0
3992563,1,207625,1
461549,1,207689,0
883699,1,207704,1
203075,1,207786,1
171434,1,207856,0
15661008,1,207962,1
14295644,1,207971,0
259235,1,208017,1
67749,1,208044,1
287578,1,208080,1
822544,1,208123,1
1769974,1,208187,1
24842150,1,208239,1
1617392,1,208248,1
557639,1,208433,1
8125000,1,208479,1
1971329,1,208488,0
3444625,1,208512,1
2468747,1,208637,1
1925936,1,208655,1
323447,1,208725,0
2979149,1,208822,0
536236,1,208859,1
7998515,1,208965,1
6358110,1,209056,0
3299020,1,209065,0
1487416,1,209108,0
948724,1,209153,1
1425396,1,209205,1
0,1,209241,0
896000,1,209287,0
666689,1,209296,0
166447,1,209348,1
832125,1,209409,0
515429,1,209533,0
495852,1,209603,0
4555036,1,209612,0
742480,1,209667,1
1443710,1,209676,1
742480,1,209694,1
1722531,1,209700,1
427780,1,209719,1
6053000,1,209825,0
4067793,1,209922,0
402710,1,209986,1
21258637,1,210076,1
856653,1,210100,1
832777,1,210304,0
1030874,1,210331,0
934382,1,210340,1
5307851,1,210359,1
74104,1,210368,0
5284524,1,210401,0
764568,1,210438,0
143027,1,210456,0
929747,1,210474,1
4780973,1,210483,1
2725185,1,210492,0
157812,1,210508,0
5097012,1,210571,0
5871243,1,210599,1
6199883,1,210669,0
1394411,1,210711,1
5585108,1,210739,0
783334,1,210748,1
4407766,1,210775,0
2145839,1,210784,1
1191354,1,210809,0
3767850,1,210890,1
13675886,1,210906,1
51884133,1,210942,1
1513662,1,210951,1
38064139,1,210960,1
5072299,1,211006,1
1002068,1,211024,0
5479000,1,211088,0
205820,1,211130,0
247222,1,211149,0
7201537,1,211200,1
10862000,1,211273,0
16519000,1,211291,0
657926,1,211316,1
621264,1,211334,1
4837586,1,211352,0
41958,1,211370,0
2042727,1,211398,1
2671197,1,211431,0
54389952,1,211440,0
2233824,1,211468,0
19640127,1,211477,1
3788445,1,211556,0
2117581,1,211583,0
9359702,1,211617,1
0,1,211635,0
4113094,1,211750,1
0,1,211802,0
1400238,1,211820,1
2462106,1,211893,0
1149074,1,211909,1
3392569,1,211981,0
9192815,1,212009,0
5437335,1,212045,1
37885001,1,212054,0
3048969,1,212072,1
6884605,1,212090,1
19410000,1,212106,0
3306327,1,212133,0
3907378,1,212197,0
413037,1,212212,1
401305,1,212230,1
986785,1,212267,1
810804,1,212276,1
612001,1,212285,1
590057,1,212294,1
640852,1,212300,1
1088584,1,212328,1
1205679,1,212337,1
1324076,1,212355,1
835519,1,212373,1
1069135,1,212382,1
905783,1,212391,1
3464852,1,212425,1
3716108,1,212434,1
229415,1,212443,0
39331,1,212452,0
0,1,212568,0
7926371,1,212577,0
4884000,1,212601,0
2698062,1,212656,0
9537261,1,212674,0
1013485,1,212683,1
1235919,1,212708,1
1607516,1,212753,1
137073,1,212771,0
8100972,1,212805,0
2252916,1,212832,0
707866,1,212869,0
7259159,1,212911,0
1787094,1,212975,0
3142994,1,212984,0
1580325,1,212993,1
10224766,1,213002,1
4600995,1,213011,0
0,1,213163,0
6641986,1,213181,1
1618689,1,213215,1
686948,1,213233,0
3227803,1,213251,0
1888999,1,213303,0
4345857,1,213312,1
3767473,1,213321,0
139693,1,213330,1
2159698,1,213358,0
6409247,1,213367,0
2332903,1,213376,0
13576129,1,213385,0
1528035,1,213400,0
278723,1,213446,0
1079428,1,213455,1
3591235,1,213473,1
436479,1,213491,1
5433539,1,213507,0
14662508,1,213534,1
24608000,1,213543,0
591174,1,213552,1
6976679,1,213570,1
5796503,1,213589,1
4127254,1,213598,0
0,1,213622,0
399206,1,213631,0
965563,1,213640,0
2406240,1,213668,0
237058,1,213774,0
5554065,1,213826,0
3644034,1,213914,1
1604995,1,213932,1
3761308,1,213987,0
9807511,1,213996,0
17458,1,214023,0
4060518,1,214069,0
901493,1,214148,0
3713956,1,214157,0
1882361,1,214166,0
8273868,1,214175,0
8829378,1,214254,1
3458026,1,214272,0
8504331,1,214290,1
153200,1,214476,0
527438,1,214528,0
256656,1,214546,1
2022461,1,214564,0
351950,1,214582,0
240403000,1,214777,0
2390465,1,214838,1
1512072,1,214883,0
4125042,1,214892,1
8327148,1,214944,1
212102,1,214962,1
1675228,1,214971,0
883232,1,215008,1
482104,1,215026,1
1987828,1,215044,1
514717,1,215053,0
314980000,1,215062,0
5935327,1,215099,0
5242918,1,215105,0
1851939,1,215114,0
7431263,1,215123,0
6574450,1,215132,0
4603320,1,215266,0
2275259,1,215275,0
3872377,1,215284,0
140082850,1,215293,0
707685,1,215309,0
420567,1,215336,1
354182,1,215381,0
0,1,215390,0
34055785,1,215415,1
981744,1,215424,0
7592467,1,215433,1
5663371,1,215442,0
111576,1,215479,0
489992,1,215530,1
1340360,1,215594,0
188234,1,215619,0
74951,1,215628,0
10127978,1,215637,1
6926418,1,215646,1
10220394,1,215655,0
385477,1,215682,0
969966,1,215691,0
3487146,1,215743,0
17301576,1,215770,0
4181775,1,215798,0
13147073,1,215929,0
3253089,1,215947,0
0,1,215974,0
0,1,215983,0
3967772,1,215992,1
1639690,1,216047,0
675378,1,216074,1
9981337,1,216083,1
0,1,216162,0
941050,1,216223,1
8417345,1,216278,0
7293063,1,216287,0
345858,1,216311,0
121785000,1,216339,0
0,1,216348,0
2607160,1,216357,0
20622464,1,216366,0
33129680,1,216418,1
1973999,1,216427,1
4876313,1,216436,1
3359235,1,216445,1
2973662,1,216454,1
275227,1,216463,0
4205774,1,216524,0
2044861,1,216542,0
554570,1,216551,0
1159271,1,216579,1
18246007,1,216597,0
158946,1,216630,0
13589,1,216649,0
5594963,1,216667,0
3810546,1,216694,0
2680822,1,216746,1
0,1,216773,0
9547398,1,216782,1
2668223,1,216807,0
589078,1,216816,0
10980692,1,216852,0
4151729,1,216931,0
1968478,1,217013,0
14055,1,217040,0
10528813,1,217059,0
78412393,1,217077,1
3063048,1,217086,1
1758409,1,217095,1
66597000,1,217156,0
15753000,1,217165,0
29942757,1,217235,0
11054475,1,217244,1
5490700,1,217305,0
4437121,1,217323,1
363456,1,217350,1
13272745,1,217402,0
9187288,1,217493,0
11536000,1,217518,0
6431000,1,217536,0
15710,1,217572,0
1115495,1,217581,1
346992,1,217606,0
1913347,1,217624,0
2324909,1,217633,0
2035649,1,217688,0
5882174,1,217721,0
112364872,1,217749,1
923130,1,217776,0
1324308,1,217794,1
344697,1,217828,1
2823797,1,217873,0
0,1,217891,0
1420268,1,217907,0
2097847,1,217925,0
1915980,1,217934,0
2343039,1,217961,0
1469991,1,217998,0
1869489,1,218043,1
12116232,1,218070,0
1351444,1,218159,1
1614123,1,218195,1
1651930,1,218238,0
1023573,1,218265,0
1949680,1,218399,0
1959397,1,218414,0
1737121,1,218441,0
3241639,1,218539,0
229750,1,218751,0
1005874,1,218821,0
351186,1,218867,1
1176631,1,218919,0
5995981,1,218973,0
2947079,1,219000,0
1176264,1,219037,1
91230,1,219055,0
846232,1,219091,0
1217915,1,219125,1
0,1,219170,0
1076744,1,219198,0
34659459,1,219204,1
5761994,1,219213,1
243591,1,219240,0
533370,1,219295,0
0,1,219338,0
825674,1,219374,0
2500579,1,219383,0
0,1,219392,0
1861181,1,219453,1
67834,1,219505,0
315209,1,219578,0
706121,1,219587,1
489920,1,219639,0
7269113,1,219709,0
6010614,1,219718,0
717973,1,219790,0
2952418,1,219806,0
1962393,1,219833,0
0,1,219842,0
11141000,1,219903,1
1157658,1,219949,0
6879599,1,219976,0
6125332,1,220002,1
4142857,1,220118,1
351683,1,220136,0
542760,1,220163,1
1518582,1,220181,0
202814,1,220206,0
2087111,1,220215,0
215063,1,220312,0
112210,1,220464,0
1745079,1,220473,0
2889956,1,220491,1
864960,1,220516,0
27685630,1,220552,1
339070,1,220570,1
1642765,1,220598,0
666759,1,220604,0
5010955,1,220613,0
7151566,1,220631,0
1336222,1,220701,0
2105176,1,220710,0
1889645,1,220765,1
4715538,1,220792,0
1162242,1,220808,0
280103,1,220871,0
16983796,1,220941,1
0,1,220996,0
1316858,1,221014,0
29084732,1,221148,1
2015594,1,221157,1
270058,1,221254,0
1056231,1,221290,1
7099695,1,221351,0
4286653,1,221519,0
3432988,1,221661,0
1147599,1,221670,0
850526,1,221731,0
5141453,1,221795,1
2185004,1,221829,1
431513,1,221856,0
3218131,1,221892,0
1701058,1,221953,0
4889435,1,221971,0
244000,1,221980,1
174329785,1,221999,0
220059,1,222026,1
1832499,1,222099,1
0,1,222105,0
7115645,1,222178,0
0,1,222628,0
1267316,1,222673,1
952887,1,222707,1
218763,1,222877,0
2477729,1,222886,1
40513884,1,222938,1
2590210,1,222983,0
998410,1,223001,0
663082,1,223056,1
8925398,1,223083,1
50076,1,223117,0
66001067,1,223223,0
31257340,1,223232,0
270859,1,223463,0
3832009,1,223472,1
4295407,1,223658,1
866279,1,223667,1
1123963,1,223852,1
2522663,1,224004,0
276391,1,224013,1
8976541,1,224156,1
3549484,1,224183,1
5239507,1,224226,0
375470,1,224244,0
28775,1,224271,0
2642765,1,224305,0
3162000,1,224323,0
17963909,1,224439,1
1975574,1,224527,0
8150379,1,224660,1
12123343,1,224679,1
466496,1,224712,0
476028,1,224758,1
31924235,1,224776,1
1810032,1,224828,1
584384,1,224907,1
175690,1,225201,0
2244926,1,225247,0
4951756,1,225399,0
1325556,1,225548,0
848499,1,225575,0
6159300,1,225627,0
1632733,1,225751,1
7734272,1,225849,1
6162201,1,225858,1
177850,1,225876,0
918604,1,225885,0
2938698,1,225991,1
843013,1,226125,1
4742645,1,226231,0
15452531,1,226277,1
239185,1,226374,1
1732440,1,226383,0
5837900,1,226471,0
1802658,1,226587,0
0,1,226675,0
486855,1,226772,1
266153,1,226860,1
3269969,1,226879,1
4675709,1,226903,1
8117264,1,227003,1
286972,1,227058,1
111000,1,227155,1
746093,1,227289,0
4092670,1,227298,1
2102713,1,227313,1
2201426,1,227322,1
1506392,1,227331,0
990448,1,227429,0
4666647,1,227748,1
63934106,1,227757,0
6425875,1,227836,1
8000109,1,227845,0
4854359,1,227863,0
2838311,1,228042,0
346860,1,228088,1
6062000,1,228149,0
237802,1,228185,1
2544932,1,228194,0
8159714,1,228200,1
8921260,1,228219,1
28449000,1,228246,0
2685096,1,228282,1
462635,1,228291,1
1400515,1,228325,0
4294194,1,228343,0
905781,1,228468,0
145578,1,228486,0
733523,1,228866,0
37521145,1,228875,0
593405,1,228884,0
2575740,1,228981,0
5302407,1,229036,1
888557,1,229151,1
3537515,1,229160,0
9200791,1,229267,0
36086000,1,229416,1
2106778,1,229425,1
467118,1,229522,1
1017212,1,229656,1
3356379,1,229780,0
945381,1,229887,0
9897273,1,229957,1
87383358,1,230038,0
6773000,1,230047,0
15978816,1,230056,1
749472,1,230065,1
335000,1,230135,1
286000,1,230144,1
376713,1,230199,1
200944,1,230205,1
3629565,1,230214,1
5691665,1,230366,1
6355705,1,230384,1
719000,1,230418,0
6260101,1,230472,1
0,1,230621,0
0,1,230630,0
3967923,1,230807,0
2685815,1,230816,0
221689,1,230825,0
4139052,1,230852,0
403044,1,230889,0
1299450,1,230898,0
1040152,1,230940,0
23444751,1,230959,0
13159095,1,230977,1
7196000,1,230995,0
4485243,1,231004,1
7111626,1,231059,0
1361117,1,231068,0
431338,1,231077,0
517421,1,231086,0
13158,1,231095,0
1015495,1,231147,0
548999,1,231280,1
12552075,1,231411,1
1439696,1,231420,0
692649,1,231554,0
3556110,1,231581,0
5351492,1,231651,0
716696,1,231721,1
9357872,1,231785,1
10924836,1,231828,1
191263,1,231837,0
9822708,1,231970,0
20808681,1,232016,1
1548645,1,232025,0
2386750,1,232043,0
3046172,1,232089,0
3901193,1,232256,0
16661980,1,232265,0
2525832,1,232308,0
4272755,1,232502,1
22496241,1,232557,0
4203384,1,232609,0
32250,1,232618,0
1494869,1,232672,0
4543597,1,232706,0
1364524,1,232724,1
29156888,1,232797,1
107974,1,232885,0
4097871,1,232919,1
2667227,1,233082,1
6900759,1,233091,1
594533,1,233286,1
2677987,1,233295,0
1936942,1,233301,0
14197807,1,233329,1
103085,1,233356,0
18784000,1,233374,0
142203,1,233408,0
4189834,1,233426,0
1381,1,233480,0
5797660,1,233541,0
1099845,1,233611,0
503943,1,233657,1
744903,1,233666,1
72845300,1,233684,1
2290224,1,233718,0
2048031,1,233842,0
282180,1,233912,0
629376,1,234119,1
210823,1,234137,0
2273197,1,234164,0
2898802,1,234173,0
1719258,1,234191,1
11274000,1,234207,0
14195261,1,234216,1
769112,1,234401,1
32958815,1,234492,1
712509,1,234650,1
4541881,1,234739,1
6407311,1,234784,1
1392244,1,234915,0
1381798,1,234924,1
1643781,1,235024,0
5143494,1,235088,1
1635347,1,235158,1
1776884,1,235307,1
8915000,1,235316,0
1342341,1,235352,1
775272,1,235422,0
1457217,1,235495,1
5955157,1,235501,1
6558438,1,235510,1
4802533,1,235529,1
1671463,1,235547,0
6607139,1,235583,1
570520,1,235769,0
299434,1,235954,1
1002828,1,236018,1
905481,1,236027,1
2033127,1,236133,0
843790,1,236212,0
4468881,1,236230,0
12033000,1,236328,0
2862012,1,236452,0
3216476,1,236531,1
6985000,1,236577,0
21159367,1,236595,0
600034,1,236744,1
3413381,1,236896,0
4323275,1,236993,1
6109445,1,237057,0
6595108,1,237066,0
1407048,1,237118,0
154056,1,237127,1
654805,1,237136,0
64475,1,237145,0
0,1,237172,0
1834503,1,237181,0
822451,1,237303,1
3400541,1,237312,0
1019253,1,237321,1
1678864,1,237358,0
5919768,1,237437,1
0,1,237543,0
3194744,1,237552,1
934777,1,237570,1
1619354,1,237598,1
3890317,1,237604,1
20861,1,237613,0
599547,1,237640,0
14428138,1,237783,1
0,1,237905,0
2258842,1,237969,0
1070568,1,237978,1
4100070,1,237987,1
4081516,1,237996,1
623173,1,238005,1
1929875,1,238078,0
0,1,238096,0
1792732,1,238166,1
2240166,1,238175,1
2829798,1,238193,0
709088,1,238324,0
3956775,1,238333,0
2257912,1,238430,0
3487936,1,238458,0
4436499,1,238476,0
111175,1,238573,0
4428891,1,238616,0
2462076,1,238661,0
1108701,1,238786,1
908179,1,238810,1
7374494,1,238892,1
2271236,1,238980,0
6819761,1,239017,0
792319,1,239071,0
1392008,1,239080,0
32652000,1,239105,0
1148305,1,239132,1
28198000,1,239169,0
608057,1,239309,0
4428110,1,239318,0
1032703,1,239390,0
457094,1,239424,0
685789,1,239503,0
1550396,1,239512,0
1583922,1,239628,0
89057,1,239637,0
3581552,1,239716,0
495103,1,239743,0
851926,1,239877,1
8177842,1,239929,1
2028062,1,240107,0
14979,1,240213,0
386749,1,240240,1
2778090,1,240338,0
40711961,1,240392,1
1312000,1,240709,1
34218109,1,240718,1
3339703,1,240879,1
3003360,1,240985,1
917845,1,241100,0
5083579,1,241146,1
2410033,1,241182,1
626365,1,241191,0
749889,1,241216,0
1250686,1,241225,0
10455306,1,241304,1
440503,1,241331,0
1243011,1,241377,0
81190,1,241386,0
5936229,1,241410,0
484298,1,241517,0
74845,1,241614,0
5194305,1,241739,0
25475,1,241793,0
1971587,1,241906,1
2541787,1,242060,0
12598945,1,242112,1
276899,1,242121,0
2418581,1,242316,1
2676034,1,242413,1
115744945,1,242422,1
1375743,1,242617,0
1297592,1,242626,0
1326857,1,242635,0
1295308,1,242644,0
2782623,1,242653,0
2756901,1,242662,0
821100,1,242671,0
895381,1,242680,0
694737,1,242699,0
2101902,1,242705,0
1114158,1,242723,0
740882,1,242750,1
6368111,1,242820,1
19648294,1,242884,1
2661091,1,242945,1
621287,1,242954,1
46436516,1,242972,1
17197464,1,243072,1
1152519,1,243081,0
4078069,1,243346,0
39508,1,243407,0
690450,1,243416,1
3736635,1,243443,0
55179,1,243498,0
1078295,1,243568,0
2670635,1,243577,0
6174738,1,243601,0
291732000,1,243744,0
1733837,1,243823,0
683951,1,243832,0
14145173,1,243841,1
8416110,1,244011,1
5066020,1,244154,1
1163911,1,244233,0
956367,1,244279,1
2779283,1,244491,1
5944863,1,244561,1
5654301,1,244613,1
180987,1,245281,1
1186000,1,245290,1
10486445,1,245342,1
930266,1,245421,1
1708810,1,245430,1
1261353,1,245652,0
16667,1,245731,0
22351,1,245777,0
565874,1,245953,0
9031212,1,245962,1
167434,1,245980,1
11582686,1,246035,1
5691082,1,246202,1
6373150,1,246266,1
10803,1,246345,0
237400,1,246406,1
256274,1,246415,1
602959,1,246594,1
109995,1,246789,0
535701,1,247010,1
1156875,1,247047,1
13124869,1,247065,1
131941,1,247162,0
1984505,1,247409,1
1478782,1,247649,0
4426620,1,247700,1
54440,1,247773,0
58629,1,247825,0
208173,1,248165,1
144033,1,248192,1
1197942,1,248305,1
269748,1,248314,1
360630,1,248527,1
2266884,1,248660,1
1765728,1,248703,1
3461288,1,248882,1
145079381,1,248934,1
811703,1,249061,1
6903820,1,249140,1
3428808,1,249238,1
3256313,1,249566,1
3214271,1,249609,1
3373300,1,250027,1
551113,1,250072,1
5616503,1,250285,1
11580874,1,250407,1
1755238,1,250498,1
14005835,1,250601,1
279450,1,250902,1
4839876,1,251075,1
6078276,1,251251,1
23756812,1,251312,1
57636494,1,260293,1
1372372,1,260354,1
2918218,1,260664,1
12195047,1,260691,1
19636188,1,260789,1
3917527,1,260813,1
575655818,1,260901,1
5690659,1,260910,1
1694363,1,260929,1
62209,1,260947,0
30378,1,260956,0
1110209,1,260965,1
5492677,1,260974,1
25449033,1,261436,1
10520593,1,261472,1
1770705,1,261676,1
1734192,1,261685,1
746649,1,261719,1
4042848,1,261931,1
146808,1,262022,0
1961455,1,262086,0
569914,1,262235,1
859361,1,262299,1
20489673,1,262332,1
11584943,1,262341,1
1672296,1,262369,1
2317912,1,262402,1
0,1,262466,0
7968487,1,262509,1
776830,1,262660,1
4397456,1,362700,1
53898,1,362782,1
1152575,1,363013,1
1548591,1,363077,1
951855,1,363147,1
15721514,1,363387,1
5460073,1,363439,1
5731132,1,363590,1
1441905,1,363679,1
0,1,363712,0
335737,1,363882,1
169818,1,363907,0
88628,1,363916,0
20372020,1,363934,1
0,1,364122,0
8409468,1,364168,1
7093331,1,364317,1
8388181,1,364326,1
10447388,1,364335,1
902555,1,364584,1
1,1,364593,1
386490,1,364760,1
248744,1,364812,1
7188112,1,364955,1
14300289,1,364973,1
36084006,1,365055,1
1406106,1,365073,1
1651138,1,365091,1
1899444,1,365125,1
42452276,1,365204,1
0,1,365426,0
177963,1,365453,1
0,1,365505,0
321686,1,365569,1
2059360,1,365693,1
1788496,1,365824,1
1516438,1,365833,1
13303,1,366003,0
230715,1,366155,1
27587000,1,366191,1
10291939,1,366252,0
0,1,366261,0
6688931,1,366270,1
24927144,1,366289,1
250838,1,366368,0
840207,1,366438,1
314914,1,366535,0
5609417,1,366544,1
32610000,1,366553,1
215,1,366571,0
5483515,1,366580,1
5419389,1,366605,1
6833692,1,366650,1
6938694,1,366678,1
7759990,1,366696,1
9413229,1,366748,1
275846,1,366793,0
7771589,1,366960,1
8720679,1,367024,1
472098,1,367051,1
655405,1,367088,1
2121863,1,367097,1
722499,1,367103,1
7912284,1,367112,1
1517133,1,367130,1
1151091,1,367158,1
16332518,1,367194,1
3553573,1,367316,1
5813625,1,367334,1
2267773,1,367361,1
4444411,1,367398,1
309724,1,367431,1
322073,1,367662,1
914777,1,367839,0
2536487,1,367884,0
6493426,1,367909,1
23856244,1,367936,1
27811182,1,367954,1
1017190,1,367981,1
577158,1,368036,1
1335272,1,368230,1
7375524,1,368443,1
3924378,1,368452,1
296138,1,368540,1
10705658,1,368601,1
8641922,1,368629,1
19355,1,368771,0
218282,1,368780,0
6248809,1,368805,1
204684,1,368832,1
213095,1,369002,0
8372629,1,369084,1
53716000,1,369400,1
503260,1,369446,1
1500694,1,369455,1
7118405,1,369516,1
145678,1,369659,0
1445303,1,369686,1
514649,1,369695,1
6626581,1,369783,1
0,1,369792,0
0,1,369817,0
5665567,1,369862,1
8879193,1,369905,1
1627224,1,369950,1
102297,1,371034,1
3887327,1,371052,1
429371,1,371140,1
8898194,1,371265,1
18332265,1,371760,1
18636455,1,371779,1
167029,1,371830,1
2046445,1,371928,1
2010020,1,371964,1
8703953,1,371982,1
250000,1,372000,1
1717172,1,372028,1
9147416,1,372037,1
6768960,1,372073,1
1804687037,1,372213,1
58532913,1,372222,1
975424,1,372240,1
14913435,1,372329,1
1298075,1,372356,1
1129875,1,372462,1
6559002,1,372578,1
3192463,1,372718,1
4900161,1,372772,1
43468009,1,372921,1
104023,1,372958,0
3830872,1,373058,1
6064471,1,373085,1
1199477,1,373340,1
3383247,1,373526,1
2191434,1,373605,1
2128247,1,373678,1
1781018,1,373696,1
23043002,1,373784,1
1087905,1,373827,0
5862043,1,373890,1
67607,1,374024,0
639216,1,374316,1
462000,1,374343,1
196525,1,374440,1
9389942,1,374574,1
11165583,1,374875,1
699359,1,374927,1
5662040,1,374972,1
19659,1,375230,0
185002,1,375416,0
8316318,1,375489,1
522263,1,375540,1
134631,1,375647,1
13165594,1,375841,1
4854308,1,375939,1
3008948,1,375984,1
8288353,1,376136,1
2219722,1,376242,1
768008,1,376288,1
8005336,1,376321,1
2691750,1,376330,1
232191,1,376385,0
775089,1,376446,1
283502,1,376631,1
754285,1,376668,1
816688,1,376677,1
750820,1,376987,1
7411819,1,377069,1
253023,1,377111,0
200523,1,377193,1
2581984,1,377218,1
690315,1,377272,1
798186,1,377281,1
1319968,1,377315,1
3362707,1,377342,1
3967497,1,377449,1
4914268,1,377458,1
2037822,1,377546,1
734327,1,377643,1
1227719,1,377652,1
698649,1,377661,1
683229,1,377670,1
4799248,1,377722,1
648824,1,377759,1
2106132,1,378105,1
6757216,1,378406,1
8045804,1,378576,1
1542881,1,378886,1
13467309,1,378956,1
7293367,1,379029,1
964653,1,379135,1
410214,1,379746,1
2204075,1,379782,1
3785020,1,380067,1
150366,1,380094,0
1755253,1,380401,1
6638555,1,380438,1
1634968,1,380456,1
19709414,1,380465,1
18420369,1,380474,1
5113,1,381255,0
10245,1,381282,0
7792,1,381325,0
0,1,381334,0
1977826,1,381352,1
548718,1,381361,1
1949305,1,381370,1
2214510,1,381404,1
367425,1,381459,0
365628,1,381486,1
1117719,1,381635,1
1995122,1,381732,1
43861,1,381741,0
762605,1,381750,1
6624726,1,381787,1
499006,1,381866,1
9964762,1,381909,1
13381366,1,382063,1
709622,1,382267,1
7872292,1,382276,1
442841,1,382461,1
7480275,1,382504,1
8002317,1,382771,1
1686333,1,382780,1
4522094,1,382896,1
697943,1,382902,1
1419871,1,383020,1
2755268,1,383163,1
65867,1,383172,0
1286944,1,383251,1
1533910,1,383279,1
616433,1,383297,1
0,1,383400,0
1123880,1,383464,1
0,1,383507,0
748904,1,383765,1
10621823,1,383899,1
6653696,1,384209,1
327857,1,384254,0
32460,1,384306,0
9295873,1,384412,1
38070,1,384421,0
10593127,1,385008,1
1210173,1,385132,1
6132957,1,385503,1
2514300,1,385549,1
167434,1,385619,0
54302,1,386153,0
7492808,1,386472,1
13537,1,387660,0
285129,1,387819,1
13554432,1,387925,1
9924915,1,388043,1
405688,1,388520,0
527603,1,388663,1
6804007,1,389727,1
163838591,1,390701,1
2739204,1,391005,1
1040495,1,391546,1
6989971,1,391582,1
275106,1,391759,1
43599,1,391810,0
8070171,1,392257,1
0,1,392354,0
8157132,1,392415,1
216474,1,392798,1
504591,1,392840,0
73364,1,393180,0
948506,1,393524,1
29367000,1,393649,1
448250,1,393861,1
713234,1,393977,1
7719527,1,395690,1
839044,1,397270,1
15458000,1,397942,1
7920326,1,398130,1
18563150,1,398574,1
6193705,1,399869,1
9590000,1,399911,0
19675797,1,400080,1
1728623,1,400187,1
65953,1,401223,0
50897,1,401250,0
3583949,1,401339,1
510273,1,401481,1
3526325,1,402563,1
9667318,1,402615,1
1699118,1,402800,1
937294,1,403399,1
190711,1,403414,1
210373,1,404037,1
665966,1,404222,0
8333246,1,404338,1
4235814,1,404365,1
2791344,1,404374,1
6080223,1,404383,1
12543376,1,404499,1
26959782,1,404505,1
28464241,1,404514,1
3550307,1,404684,1
13051,1,404718,0
2477250,1,404806,1
9858233,1,404912,1
6336528,1,404921,1
72049698,1,404994,1
759246,1,405012,1
523642,1,405021,1
777717,1,405058,0
4024298,1,405076,1
99645,1,405854,0
20444498,1,405979,1
17481009,1,405988,1
29435507,1,405997,1
23291882,1,406006,1
107500802,1,406015,1
456624,1,406051,1
619456,1,406149,1
6839219,1,406194,1
5036861,1,406200,0
6245357,1,406219,1
1084740,1,406413,1
726824,1,406486,1
2089424,1,406495,1
7419330,1,407063,1
2259445,1,407090,1
877113,1,407142,1
1007109,1,407151,1
1351906,1,407179,1
7667888,1,407319,1
2402748,1,407328,1
3276315,1,407355,1
1164718,1,407391,1
846905,1,407407,1
1102193,1,407425,1
1195207,1,407434,1
1562563,1,407470,1
612270,1,407568,1
7199930,1,407629,0
898554,1,407726,1
1103465,1,407735,1
13739211,1,408039,1
1783497,1,408066,1
1160510,1,408163,1
777697,1,408312,1
4137691,1,408385,1
27937622,1,408844,1
2173897,1,408862,1
1943655,1,409032,1
7192182,1,409069,1
1063926,1,409166,1
2324447,1,409193,1
945681,1,409254,0
817000,1,409616,0
8163033,1,409670,1
8834703,1,409829,1
4942603,1,409838,1
12693866,1,409874,1
9441462,1,410070,1
508525,1,410256,1
14512867,1,410283,1
5319936,1,410496,1
41252228,1,410502,1
6333500,1,410520,1
4240488,1,410539,1
22503567,1,410788,1
1891671,1,410797,1
382310,1,410964,1
6622072,1,411055,1
9729015,1,411374,1
1645466,1,411684,1
1111,1,411754,0
478774,1,412003,1
90422,1,412173,0
1061017,1,412544,1
361923,1,412599,0
738390,1,412650,1
445882,1,413343,1
366699000,1,413413,1
773147,1,413617,0
5105645,1,413635,1
9976540,1,413680,1
205461,1,413820,1
6278111,1,413839,1
5911961,1,413848,1
7718488,1,413857,1
5829178,1,413866,1
7047399,1,413884,1
1372915,1,413945,1
862564,1,413972,1
494023,1,414054,1
2536736,1,414063,1
3968211,1,414124,1
439988,1,414452,1
19754892,1,414461,1
795784,1,414489,1
5291786,1,414531,1
5406394,1,414540,1
369074,1,414559,1
7378597,1,414568,1
6602305,1,414586,1
7006359,1,414595,1
4799565,1,414841,1
1150525,1,414869,1
308396,1,414966,0
793911,1,415039,1
1690756,1,415057,1
112570,1,415729,1
10660039,1,415774,1
6353847,1,415987,1
7084781,1,416458,1
964068,1,416670,1
24053013,1,416962,1
1366363,1,417008,1
693056,1,417062,1
6735333,1,417132,1
13829375,1,417318,1
168983,1,417327,0
0,1,417345,0
1187726,1,417381,1
562228,1,417406,1
3081473,1,417503,1
3083101,1,417549,1
1438837,1,417576,1
656666,1,417600,1
394029,1,417725,1
0,1,417734,0
65148,1,417752,0
547542,1,417789,1
178693,1,417798,1
1638996,1,417804,1
203800,1,418126,0
276584,1,418171,1
603237,1,418269,1
313952,1,418384,1
4893958,1,418658,1
1069540,1,418700,1
307925,1,418755,1
545853,1,418764,1
6890834,1,418773,1
1256424,1,418782,1
3496371,1,418870,1
1564211,1,418889,1
127626,1,418913,1
277077,1,418968,1
516824,1,419147,1
2862333,1,419156,1
1026729,1,419183,1
0,1,419217,0
1322977,1,419235,1
2776532,1,419244,1
2003501,1,419253,1
0,1,419262,0
110541,1,419271,1
511233,1,419280,1
210582,1,419314,1
930309,1,419341,1
2859500,1,419411,1
15345539,1,419457,1
40136355,1,419509,1
5923139,1,419660,1
4841972,1,419703,1
1589886,1,419712,1
1428089,1,419721,1
6484075,1,420006,1
3567584,1,420024,1
17217882,1,420042,1
2165000,1,420194,1
358012,1,420200,1
874681,1,420246,0
415817,1,420255,1
77068862,1,420307,1
8998775,1,420316,1
96809,1,420325,0
8825435,1,420343,1
6022092,1,420370,1
6009363,1,420404,1
10863055,1,420495,1
9866028,1,420501,1
2022152,1,420608,1
25694,1,420705,0
8467246,1,420866,1
12218,1,420981,0
7121428,1,421009,1
18644778,1,421018,1
4049194,1,421513,1
681046,1,421586,1
373622,1,421610,1
144733,1,421665,1
9396439,1,421708,1
736197,1,421771,1
11015824,1,421832,1
10239800,1,421841,1
1973882,1,421896,1
402530,1,422190,1
3576330,1,422695,1
4518431,1,422835,1
2378366,1,423120,1
333460,1,423397,1
1220923,1,423582,1
10577585,1,423643,0
41909939,1,423980,1
928052,1,425250,1
266533,1,425870,1
4296028,1,425889,1
25418313,1,427025,1
96582,1,427308,0
512925,1,427335,1
5460332,1,427663,1
0,1,427894,0
8617,1,427919,0
6649360,1,427973,1
4160344,1,427982,1
5731387,1,428000,1
1856870,1,428055,1
157500,1,428073,1
770089,1,428125,1
2023961,1,428143,1
32719525,1,428170,1
7995223,1,428268,1
19232408,1,428286,1
718389,1,428295,1
1361818,1,428329,1
310657,1,428338,0
21375932,1,428444,1
3709041,1,429012,1
1848566,1,429085,1
3527521,1,429094,1
286272,1,429100,1
0,1,429128,0
7237324,1,429599,1
4505331,1,430050,1
12740475,1,430087,1
11579930,1,430148,1
4078652,1,430157,1
3520195,1,430166,1
9334425,1,430175,1
32546927,1,430184,1
1162178,1,430218,1
1090836,1,430227,1
8031650,1,430245,1
1446829,1,430254,1
6882813,1,430263,1
0,1,430306,0
26129,1,430342,0
4371149,1,430351,1
3868612,1,430360,1
6406852,1,430379,1
5477111,1,430388,1
9213274,1,430403,1
4652518,1,430421,1
3715290,1,430485,1
342963,1,430564,1
3650330,1,430582,1
71469,1,430591,0
193187,1,430670,0
1687357,1,430704,1
1534587,1,430810,0
1453159,1,430847,1
3355948,1,430935,1
2456090,1,430980,1
2021837,1,430999,1
11073690,1,431026,1
1590643,1,431071,1
1375838,1,431099,1
2090343,1,431123,1
44597971,1,431141,1
308227,1,431284,1
750978,1,431309,0
0,1,431594,0
0,1,431600,0
8431304,1,431637,1
7144150,1,431886,1
47737,1,431929,0
298919,1,431956,1
1177111,1,431965,1
480626,1,431983,0
1563511,1,432117,1
11037197,1,432223,1
13307586,1,432232,1
10644944,1,432241,1
8460,1,432269,0
5953251,1,432302,1
1180602,1,432348,0
32237,1,432357,0
454352,1,432524,0
39679208,1,432533,1
5654229,1,433004,1
8230360,1,433013,1
8159220,1,433101,1
0,1,433165,0
0,1,433217,0
2657860,1,433387,0
5965849,1,433420,1
7680371,1,433466,1
4036711,1,433536,1
5677318,1,433563,1
7484518,1,433970,1
0,1,434016,0
1904133,1,434034,0
7504942,1,434052,1
0,1,434122,0
9278141,1,434140,1
4646858,1,434159,1
455500,1,434274,1
639000,1,434283,1
5436206,1,434308,1
27673012,1,434317,1
1167097,1,434344,1
8320,1,434362,0
759214,1,434380,1
46754,1,434414,0
570256,1,434432,1
2268895,1,434441,1
2510108,1,434469,1
657898,1,434496,1
1475935,1,434502,1
6341050,1,434548,1
5484992,1,434557,1
5028362,1,434566,1
4366577,1,434575,1
4399301,1,434690,1
65177000,1,434715,1
242011,1,434751,0
3636662,1,434812,1
7022160,1,434821,1
3067920,1,434830,1
98240,1,434937,0
20259286,1,434946,1
13566574,1,434955,1
10009261,1,434964,1
9367286,1,434973,1
5953423,1,434982,1
5454723,1,434991,1
1422115,1,436003,1
52831,1,436012,0
4305,1,436021,0
960559,1,436030,1
345599,1,436067,1
10339832,1,436094,1
2889130,1,436182,1
7319155,1,436191,1
6121272,1,436225,1
42040126,1,436429,1
11075473,1,436438,1
4685891,1,436483,1
1354622,1,436553,1
1118645,1,436599,1
0,1,436614,0
1280462,1,436632,1
1954056,1,436641,1
2177532,1,436650,1
6340616,1,436702,1
3633638,1,436775,1
6584339,1,437042,1
6440669,1,437051,1
3923537,1,437060,1
4121707,1,437097,1
6032588,1,437219,1
200002,1,437237,0
1103823,1,437501,1
6835618,1,437529,1
4737780,1,437556,1
1027348,1,437608,1
2757942,1,437635,1
16772,1,437653,0
43290584,1,437662,1
3311,1,437705,0
15892764,1,437732,1
5065842,1,437750,1
2881708,1,437769,1
3704235,1,437778,1
15862509,1,437848,1
0,1,438151,0
5987723,1,438197,1
43231574,1,438212,1
3524150,1,438267,1
2215746,1,438337,1
7060157,1,438382,1
10137429,1,438416,1
38695674,1,438498,1
40579000,1,438504,1
30035837,1,438586,1
11727771,1,438601,1
10921472,1,438610,1
1760192,1,438629,1
8236363,1,438647,1
6630917,1,438656,1
710533,1,438674,1
4366831,1,438735,1
113766,1,438869,0
9277617,1,438902,1
486253,1,438984,1
1451494,1,439020,1
6026605,1,439057,1
9097384,1,439118,1
3692437,1,439127,1
5781172,1,439136,1
8679524,1,439279,1
6799929,1,439297,1
51745,1,439367,0
1621269,1,439394,1
1100545,1,439400,1
6241580,1,439437,1
0,1,439446,0
8100600,1,439455,1
2160105,1,439473,1
4234346,1,439482,1
3185644,1,439491,1
5011210,1,439507,1
6305859,1,439525,1
6990081,1,439570,1
3632321,1,439589,1
139809,1,439613,0
132328,1,439631,1
1721932,1,439668,1
40847,1,439686,0
119672,1,439701,0
138445,1,439729,1
6235838,1,439738,1
605087,1,439747,1
541929,1,439774,1
0,1,439783,0
8954834,1,439792,1
50430,1,439817,0
7472130,1,439826,1
510626,1,439844,1
0,1,439862,0
792106,1,439871,1
91358,1,439899,0
2812470,1,439905,1
884556,1,439914,1
150819,1,439932,1
2167478,1,439969,1
15477,1,439978,0
683305,1,439996,1
19585,1,440004,0
888806,1,440031,0
10091720,1,440059,1
482930,1,440077,1
3819684,1,440086,1
1174401,1,440101,1
5943192,1,440110,1
4633902,1,440129,1
2436173,1,440138,0
8813775,1,440147,1
5749450,1,440165,1
827924,1,440174,1
1431338,1,440226,1
5520087,1,440262,1
135456,1,440271,0
10469510,1,440299,1
4049148,1,440323,1
3520934,1,440332,1
33060430,1,440341,1
7892497,1,440369,1
2937208,1,440378,1
44381,1,440396,0
4298464,1,440420,1
18109819,1,440439,1
24223018,1,440448,1
5934866,1,440457,1
5523210,1,440466,1
18128447,1,440484,1
6096738,1,440642,1
650329,1,440651,0
671713,1,440749,1
2166071,1,440758,1
5643252,1,440767,1
1155406,1,440776,1
84359,1,440794,0
2502149,1,440846,1
1973674,1,440855,1
5216284,1,440873,1
2426298,1,440882,1
2839365,1,440891,1
7674597,1,440907,1
10883275,1,440925,1
4410399,1,440952,1
6086265,1,440989,1
7495878,1,441016,1
9684147,1,441025,1
32593126,1,441089,1
293633,1,441104,0
139684,1,441131,0
490848,1,441195,1
3702893,1,441201,1
17718446,1,441229,1
0,1,441238,0
1286495,1,441256,1
2041858,1,441274,1
26697000,1,441308,1
4613995,1,441362,1
6093960,1,441371,1
3028094,1,441380,1
1681242,1,441405,1
2312394,1,441423,1
1676140,1,441432,1
2546556,1,441441,1
0,1,441478,0
74214,1,441487,0
3553459,1,441496,1
4306385,1,441502,1
0,1,441511,0
1547472,1,441548,1
43615,1,441575,0
87398,1,441609,0
443074,1,441618,1
0,1,441627,0
3788303,1,441636,1
4813786,1,441645,1
4702209,1,441663,1
56030,1,441690,0
574264,1,441706,1
9904000,1,441742,1
185240,1,441751,1
620937,1,441779,1
6937629,1,441788,1
1189466,1,441830,1
2145664,1,441858,1
3074546,1,441876,1
7843293,1,441919,1
8534976,1,441928,1
8055937,1,441955,1
6355060,1,441964,1
31815147,1,441973,1
5222906,1,441982,0
4279801,1,442037,1
9132161,1,442046,1
27177,1,442064,0
10856534,1,442073,1
5340699,1,442134,1
8394559,1,442143,1
19853771,1,442152,1
13040476,1,442161,1
16749155,1,442170,1
11573134,1,442189,1
897784,1,442204,1
414439,1,442213,1
7619351,1,442222,1
20940938,1,442231,1
3933087,1,442240,1
687069,1,442295,0
15295242,1,442329,1
6636267,1,442338,1
6113348,1,442347,1
671602,1,442356,0
3162690,1,442408,1
1222040,1,442435,1
4338954,1,442462,1
219340,1,442523,0
47735661,1,442569,1
15026351,1,442602,1
29345000,1,442611,1
3774117,1,442620,1
5171771,1,442648,1
3199687,1,442657,1
4155526,1,442718,1
11977850,1,442727,1
5271217,1,442736,1
9346703,1,442745,1
534300,1,442781,0
12591340,1,442790,1
731959,1,442806,0
2798317,1,442842,1
8216346,1,442879,1
10261638,1,442930,1
24547,1,442949,0
556955,1,442958,1
901462,1,442967,1
872,1,442976,0
2118115,1,442985,1
1032430,1,443021,1
0,1,443030,0
0,1,443049,0
0,1,443058,0
140320,1,443076,0
8965,1,443100,0
367071,1,443128,0
2950529,1,443137,1
1369527,1,443146,1
369437,1,443173,1
143503,1,443207,0
1517424,1,443216,1
810925,1,443225,1
3374209,1,443234,1
4183903,1,443252,1
4788673,1,443261,1
3948051,1,443270,1
1138156,1,443289,1
1382031,1,443298,1
0,1,443322,0
94458496,1,443331,1
6412,1,443340,0
1308867,1,443359,1
2461873,1,443377,1
24266997,1,443410,1
1242938,1,443429,1
4998950,1,443438,1
4237109,1,443456,1
2050351,1,443465,1
12937092,1,443474,1
5847268,1,443526,1
6405487,1,443535,1
6801702,1,443544,1
2145558,1,443599,1
17267834,1,443623,1
1673899,1,443632,1
2243654,1,443641,1
7230949,1,443650,1
3470039,1,443669,1
1301068,1,443678,1
11939825,1,443687,1
1318453,1,443696,1
0,1,443702,0
3778033,1,443739,1
7401769,1,443748,1
18951672,1,443766,1
25990847,1,443784,1
4199809,1,443827,1
6111894,1,443836,1
10215876,1,443845,1
9434897,1,443854,1
10829418,1,443881,1
12372763,1,443890,1
2598548,1,443906,1
6551816,1,443924,1
715269,1,443951,1
10035827,1,444024,1
66690,1,444103,0
119044,1,444121,0
69515001,1,444130,1
270931646,1,444158,1
1548664,1,444194,1
350231,1,444228,1
6187202,1,444237,1
5198189,1,444255,1
546204,1,444264,1
1106263,1,444282,1
1108784,1,444291,1
969156,1,444307,1
1254360,1,444316,1
1896063,1,444325,1
660221,1,444334,1
2085234,1,444343,1
1576865,1,444352,1
1067062,1,444361,1
1868179,1,444370,1
4179132,1,444389,1
289624,1,444398,0
381561,1,444404,1
66514,1,444413,0
2892354,1,444422,1
1310517,1,444440,1
104835,1,444468,1
3949147,1,444486,1
927,1,444510,0
715857,1,444529,1
315066,1,444547,1
2610050,1,444556,1
4873948,1,444565,1
41631214,1,444574,1
5784061,1,444583,1
22967,1,444592,0
738058,1,444608,1
303956,1,444635,1
494639,1,444644,1
557759,1,444653,1
354085,1,444662,1
1473132,1,444671,1
1782597,1,444680,1
575835,1,444699,1
147943,1,444705,1
10900174,1,444714,1
45405483,1,444723,1
876987,1,444732,1
61526,1,444750,1
1982420,1,444769,1
123122,1,444778,0
2394058,1,444787,1
3685300,1,444796,1
1840907,1,444811,1
672390,1,444857,1
2063609,1,444866,1
2716673,1,444893,1
240000,1,444909,1
8935797,1,444927,1
372186,1,444936,1
1466869,1,444945,1
4225037,1,444972,1
0,1,444990,0
218776534,1,445027,1
12319789,1,445072,1
5580092,1,445081,1
9562880,1,445090,1
12774988,1,445115,1
11512004,1,445124,1
9925365,1,445133,1
5504856,1,445142,1
7207646,1,445197,1
180612,1,445203,0
3243893,1,445212,1
9031693,1,445230,1
274282,1,445249,0
5415075,1,445258,1
10144400,1,445276,1
8728319,1,445300,1
3775132,1,445319,1
4724384,1,445328,1
4083591,1,445346,1
4078489,1,445364,1
5480026,1,445373,1
5917313,1,445382,1
2609957,1,445391,1
8706112,1,445434,1
23758381,1,445452,1
11026130,1,445461,1
5724106,1,445470,1
244278,1,445498,1
956842,1,445504,1
3149314,1,445559,1
4997933,1,445577,1
7009095,1,445601,1
4198576,1,445610,1
2683143,1,445665,1
8898328,1,445692,1
27043703,1,445717,1
6897611,1,445726,1
2548892,1,445735,0
7094966,1,445744,1
3988775,1,445753,1
4683699,1,445762,1
5535810,1,445771,1
283390,1,445780,1
31412000,1,445799,1
8740471,1,445814,1
1740101,1,445841,1
1622676,1,445850,1
9537,1,445869,0
2359755,1,445948,1
3159717,1,445957,1
123519,1,445984,1
3497369,1,445993,1
1424368,1,446002,1
634974,1,446039,1
5260000,1,446048,0
50647,1,446057,0
243779,1,446075,1
1634240,1,446084,1
2651014,1,446093,1
731169,1,446109,1
9226813,1,446118,1
3391906,1,446127,1
5669302,1,446136,1
434494,1,446145,1
10000,1,446163,0
220815,1,446190,1
260492,1,446215,1
1292479,1,446224,1
66765,1,446233,0
90563,1,446242,0
160654,1,446251,1
966358,1,446260,1
1004218,1,446288,1
2213096,1,446303,1
3149801,1,446385,1
9201,1,446394,0
3134288,1,446400,1
2127802,1,446437,1
4394410,1,446446,1
0,1,446455,0
1489098,1,446464,1
250397,1,446491,1
186966,1,446516,1
2039987,1,446525,1
899889,1,446534,1
287843,1,446543,1
13745030,1,446552,1
11498337,1,446561,1
346000,1,446570,1
1381380,1,446589,1
590950,1,446598,1
201476,1,446604,0
2209716,1,446640,0
19583286,1,446668,1
0,1,446677,0
749852,1,446701,1
1525822,1,446710,1
1732228,1,446729,1
11222056,1,446738,1
9054649,1,446747,1
9946877,1,446756,1
4861735,1,446765,1
11688415,1,446792,1
7334225,1,446808,1
8325016,1,446817,1
18082272,1,446835,1
13685471,1,446844,1
4355272,1,446853,1
5935322,1,446880,1
6428372,1,446899,1
5178110,1,446905,1
9324832,1,446914,1
6038853,1,446923,1
238694,1,446932,0
4885336,1,447014,1
6232311,1,447023,1
10687961,1,447050,1
10532999,1,447069,1
5520425,1,447102,1
4366447,1,447120,1
2082799,1,447148,1
808662,1,447157,1
811429,1,447166,1
1338209,1,447175,1
6762282,1,447209,1
7213062,1,447218,1
7423284,1,447227,1
4923661,1,447236,1
7276433,1,447245,1
252678,1,447254,1
8455545,1,447272,1
17179166,1,447290,1
4005587,1,447379,1
4844260,1,447388,1
21781000,1,447403,1
6903920,1,447421,1
393100,1,447449,1
20878829,1,447458,1
1295537,1,447467,1
4031098,1,447476,1
3016684,1,447591,1
4833364,1,447625,1
4505264,1,447634,1
5496333,1,447652,1
3570834,1,447661,1
1479309,1,447698,1
726498,1,447704,1
867176,1,447713,1
1010035,1,447722,1
1227521,1,447731,1
3159320,1,447759,1
25718544,1,447768,1
6965505,1,447777,1
219386,1,447795,1
2439667,1,447801,1
5460611,1,447810,1
6532378,1,447847,1
902693,1,447856,1
455743,1,447865,1
8897772,1,447874,1
2629159,1,447883,1
1105916,1,447892,1
247842,1,447908,1
607537,1,447917,1
11129962,1,447935,1
167400,1,447953,0
1559578,1,447962,1
442133,1,447971,1
333295,1,447980,1
2070462,1,447999,1
208953,1,448008,1
368445,1,448017,1
2010001,1,448026,1
337164,1,448035,1
253319,1,448044,1
462337,1,448053,1
4666608,1,448071,1
173831,1,448105,1
8973338,1,448114,1
1473051,1,448123,1
505111,1,448141,1
1419538,1,448150,1
959499,1,448196,1
285336,1,448202,1
214473,1,448211,1
638449,1,448220,1
3023668,1,448239,1
552959,1,448257,1
310118,1,448275,1
0,1,448284,0
0,1,448309,0
17166736,1,448345,1
4626639,1,448354,1
5185575,1,448406,1
36885050,1,448415,1
31963000,1,448433,1
5841567,1,448442,1
6182771,1,448451,1
3623540,1,448460,1
6781440,1,448479,1
4697878,1,448488,1
4713485,1,448497,1
6386263,1,448503,1
7507947,1,448512,1
1577088,1,448521,1
5180832,1,448530,1
1667290,1,448558,1
8731567,1,448567,1
40241752,1,448576,1
4433117,1,448585,1
3693764,1,448600,1
9144783,1,448628,1
1181409,1,448646,1
7188377,1,448664,1
25142348,1,448673,1
0,1,448691,0
1660429,1,448707,1
1677631,1,448716,1
5756907,1,448734,1
0,1,448752,0
0,1,448761,0
5172435,1,448770,1
8724900,1,448789,1
1080279,1,448798,1
0,1,448804,0
1557631,1,448822,1
1769422,1,448831,1
3052235,1,448859,1
5063075,1,448895,1
23136799,1,449010,1
35517162,1,449038,1
7744350,1,449074,1
6693964,1,449117,1
4607935,1,449126,1
3403003,1,449250,1
9319317,1,449269,1
616280,1,449302,1
2110639,1,449311,1
10420101,1,449320,1
271242000,1,449339,1
0,1,449348,0
10151102,1,449366,1
6332647,1,449375,1
5122029,1,449384,1
652011,1,449393,1
2149091,1,449436,1
1222913,1,449445,1
748486,1,449454,1
1070460,1,449463,1
964200,1,449472,1
762337,1,449481,1
895216,1,449490,1
8831,1,449506,0
2484181,1,449524,1
976543,1,449533,1
4259,1,449579,0
371443,1,449597,1
884074,1,449603,1
2770201,1,449612,1
91227,1,449658,0
2042683,1,449667,1
1307260,1,449676,1
1132564,1,449685,1
4836206,1,449700,1
2810618,1,449719,1
1061358,1,449728,1
2054837,1,449746,1
221748,1,449764,0
2284858,1,449773,1
203871,1,449782,1
2439642,1,449791,1
321000,1,449807,1
517006,1,449852,1
4480347,1,449861,1
389500,1,449870,0
16694654,1,449898,1
3228496,1,449904,1
492907,1,449922,0
0,1,449931,0
2596870,1,449959,1
5011759,1,449968,1
2958792,1,449977,1
3116877,1,449986,1
3022279,1,449995,1
6093898,1,450003,1
4282668,1,450021,1
12104526,1,450049,1
15589275,1,450085,1
20325561,1,450094,1
3419984,1,450119,1
3457394,1,450128,1
4237986,1,450155,1
139592190,1,450173,1
4497581,1,450182,1
7056522,1,450191,1
4084953,1,450207,1
7007695,1,450216,1
5607515,1,450225,1
5776434,1,450234,1
6893114,1,450243,1
5957468,1,450252,1
3936251,1,450261,1
5833050,1,450270,1
6514044,1,450289,1
3408596,1,450298,1
564328,1,450304,0
8541422,1,450377,1
5413218,1,450401,1
6344820,1,450447,1
4519244,1,450456,1
8754588,1,450465,1
9413519,1,450474,1
4363066,1,450483,1
5776556,1,450492,1
8405750,1,450526,1
7354348,1,450535,1
6473092,1,450544,1
20315737,1,450571,1
1984679,1,450580,1
1199183,1,450599,1
1066659,1,450605,1
1152080,1,450614,1
1305242,1,450623,1
1407451,1,450632,1
2876737,1,450650,1
3416048,1,450720,1
2788569,1,450739,1
93356,1,450766,0
57838455,1,450933,1
46318000,1,450942,1
3250250,1,450951,1
499137,1,450960,1
82256000,1,450979,1
650255,1,450988,1
683415,1,451006,1
2540554,1,451015,1
6500,1,451033,0
249523,1,451042,1
555245,1,451051,1
5994233,1,451060,1
32686,1,451079,0
1150101,1,451097,1
6108420,1,451103,1
2049816,1,451121,1
5449669,1,451130,1
14041118,1,451149,1
6268669,1,451158,1
374834,1,451167,1
301557,1,451194,1
199716,1,451219,1
1552845,1,451228,1
742046,1,451237,1
710146,1,451255,1
1839530,1,451264,1
1554266,1,451282,1
297460,1,451291,1
403294,1,451307,1
426974,1,451316,1
997467,1,451334,1
394264,1,451343,1
4057516,1,451352,1
62372,1,451361,1
11878,1,451370,0
204000,1,451398,0
17587,1,451404,0
0,1,451413,0
191484,1,451422,0
6743000,1,451440,1
2784436,1,451468,1
2209597,1,451477,1
490853,1,451495,1
1559809,1,451501,1
16461750,1,451510,1
472038,1,451529,1
1142327,1,451538,1
412672,1,451547,1
12794411,1,451556,1
2017028,1,451565,1
1764938,1,451574,1
1125747,1,451592,1
255682,1,451617,1
1195066,1,451626,1
668357,1,451635,1
108804,1,451644,1
288523,1,451653,1
140164333,1,451662,1
17595951,1,451699,1
0,1,451705,0
10233807,1,451750,1
21845147,1,451796,1
73658,1,451802,1
169236,1,451811,1
24348226,1,451820,1
14108081,1,451848,1
173002,1,451857,0
100609,1,451866,0
2753351,1,451875,1
2679689,1,451884,1
1289755,1,451918,1
4677693,1,451936,1
5073007,1,451945,1
3971809,1,451954,1
5116941,1,451963,1
6221771,1,451972,1
4233626,1,451981,1
5610310,1,451990,1
486479,1,452009,1
12220691,1,452018,1
18756744,1,452027,1
7931756,1,452036,1
8234711,1,452045,1
14741480,1,452054,1
15921723,1,452063,1
1517425,1,452072,1
3644710,1,452081,1
4263175,1,452090,1
9821546,1,452115,1
8657641,1,452124,1
5603903,1,452373,1
1000,1,452692,1
30363,1,452771,1
38180,1,452780,1
1475642,1,452841,1
92407,1,452984,1
658061,1,453075,1
8119086,1,453127,1
35657457,1,453163,1
9388217,1,453215,1
846442,1,453297,1
2891822,1,453455,1
3418166,1,453464,1
3575938,1,453473,1
2440721,1,453482,1
802915,1,453570,1
2687522,1,453747,1
1368440,1,453756,1
0,1,454078,0
260411,1,454184,0
37390800,1,454218,1
83628590,1,454227,1
11750898,1,454236,1
9284654,1,454245,1
3199585,1,454306,1
2625034,1,454458,1
1065517,1,454537,1
2107859,1,454546,1
2811286,1,454555,1
2821186,1,454573,1
2965383,1,454607,1
7765763,1,454616,1
7444018,1,454625,1
1634576,1,454652,1
2890940,1,454689,1
3808314,1,454698,1
0,1,454704,0
285070,1,454722,1
1984725,1,454731,1
1807662,1,454740,1
120900,1,454759,1
1897285,1,454768,1
3372195,1,454777,1
5832000,1,454786,1
828982,1,454795,1
226385,1,454801,1
3224201,1,454810,1
8369067,1,454829,1
14985,1,454838,0
370767,1,454847,1
8999939,1,454856,1
4982101,1,454865,1
683135,1,454874,1
5231826,1,454883,1
116642,1,454892,1
1124753,1,454908,1
1307880,1,454917,1
2554112,1,454926,1
551841,1,454935,1
1006768,1,454944,1
275070,1,454953,1
204888,1,454962,1
2294480,1,454971,1
1362166,1,454980,1
1478564,1,454999,1
1830328,1,455008,1
221100,1,455017,1
1680735,1,455026,1
0,1,455035,0
452492,1,455053,1
490286,1,455062,1
217315,1,455071,1
1408717,1,455080,1
21695,1,455099,0
666177,1,455105,1
2965595,1,455141,1
41450000,1,455169,1
1362736,1,455178,1
333000,1,455187,1
21032769,1,455196,1
1958827,1,455202,1
1904939,1,455211,1
0,1,455220,0
563826,1,455239,1
48581,1,455248,1
136331,1,455257,0
4193544,1,455275,1
2379031,1,455284,1
91869,1,455293,1
857765,1,455327,1
2238183,1,455336,1
616997,1,455345,1
4234335,1,455354,1
160810,1,455372,1
818000,1,455381,1
2356299,1,455390,1
846006,1,455406,0
65540,1,455415,1
2498460,1,455424,1
2771074,1,455460,1
8619789,1,455479,1
4700443,1,455488,1
2442258,1,455497,1
3607765,1,455567,1
8047404,1,455600,1
9166189,1,455619,1
1142480,1,455646,1
7713527,1,455655,1
1197728,1,455673,1
625829,1,455707,1
10218516,1,455716,1
2148519,1,455725,1
2123028,1,455734,1
797138,1,455743,1
1003055,1,455752,1
3710422,1,455761,1
24922,1,455770,0
138645,1,455789,1
806702,1,455798,1
63280,1,455804,0
26923,1,455813,0
2124095,1,455831,1
1474067,1,455840,1
1213468,1,455859,1
742806,1,455868,1
4314432,1,455877,1
1868559,1,455886,1
1926152,1,455895,1
2466735,1,455901,1
332664,1,455910,1
206157,1,455929,1
0,1,455938,0
1533016,1,455947,1
1067112,1,455956,1
908356,1,455965,1
1101447,1,455974,1
1944589,1,455983,1
426228,1,455992,0
839040,1,456001,1
5785348,1,456010,1
4906622,1,456038,1
7522353,1,456056,1
2263149,1,456065,1
2044433,1,456074,1
714461,1,456092,1
1904499,1,456117,1
1460624,1,456126,1
1155011,1,456135,1
1076427,1,456144,1
1169723,1,456153,1
8925009,1,456205,1
2412008,1,456214,1
2950059,1,456250,1
858768,1,456287,1
27913996,1,456296,1
7385221,1,456302,1
6043071,1,456311,1
6854988,1,456320,1
5608922,1,456339,1
131714855,1,456348,1
4070281,1,456393,1
3885208,1,456409,1
5751962,1,456418,1
4716359,1,456427,1
5023355,1,456436,1
4970589,1,456445,1
91368,1,456481,0
113899,1,456490,0
1571358,1,456506,1
1718482,1,456515,1
5589568,1,456542,0
456032,1,456551,1
9140990,1,456612,1
2343202,1,456621,1
2473728,1,456630,1
14130192,1,456667,1
12267924,1,456791,1
6476764,1,456861,1
6100581,1,456922,1
6957968,1,456931,1
6846864,1,456940,1
1648214,1,456968,1
2316109,1,457004,1
3123738,1,457022,1
676067,1,457031,1
3635725,1,457077,1
30247,1,457086,0
6300894,1,457101,1
9179416,1,457110,1
11178463,1,457129,1
159201,1,457174,0
80079,1,457183,0
524124,1,457192,1
11834,1,457226,0
2733058,1,457244,1
311860,1,457253,1
2448,1,457271,0
1103628,1,457280,1
1695506,1,457299,1
3061755,1,457314,1
2800727,1,457323,1
336233,1,457332,1
1656044,1,457341,1
14854,1,457350,0
840633,1,457396,1
7481,1,457402,0
3342468,1,457411,1
1513226,1,457420,1
1014954,1,457439,1
2899301,1,457448,1
141665,1,457457,1
501993,1,457466,1
1323714,1,457475,1
29956,1,457484,0
242385,1,457493,1
99150,1,457509,1
3255856,1,457527,1
1724698,1,457536,1
1971018,1,457545,1
273360,1,457554,1
2588555,1,457563,1
918272,1,457572,1
2071301,1,457581,1
295089,1,457590,1
133996,1,457606,1
1152535,1,457633,1
245338,1,457642,1
1271720,1,457651,1
81500,1,457679,1
1579719,1,457688,1
0,1,457697,0
891700,1,457703,1
344741,1,457721,1
1191752,1,457730,1
1347249,1,457749,1
515000,1,457758,1
1637937,1,457767,1
991527,1,457776,1
1450834,1,457785,1
0,1,457794,0
1814439,1,457800,1
21312139,1,457819,1
1176564,1,457828,1
1253563,1,457837,1
934019,1,457846,1
2217692,1,457855,1
447500,1,457864,1
321190,1,457891,1
1256970,1,457916,1
946,1,457925,0
2376294,1,457952,1
720943,1,457961,1
263410,1,457998,1
632912,1,458007,1
667691,1,458016,1
47617,1,458025,1
211381,1,458034,1
1193241,1,458043,1
237920,1,458052,1
295430,1,458061,1
2569455,1,458070,1
1487383,1,458098,1
569832,1,458104,1
0,1,458113,0
467077,1,458122,1
4337519,1,458131,1
58530,1,458140,0
112738,1,458159,0
1123363,1,458168,1
3944337,1,458186,1
8308839,1,458256,1
4612432,1,458265,1
4664324,1,458274,1
4872978,1,458283,1
4844303,1,458371,1
420500,1,458399,1
10315001,1,458405,1
26270129,1,458414,1
141781,1,458423,1
3689731,1,458432,1
6394013,1,458441,1
5894588,1,458478,1
1693252,1,458487,1
11223973,1,458496,1
6099785,1,458502,1
6785653,1,458557,1
8347927,1,458593,1
11177869,1,458609,1
6623785,1,458618,1
7397891,1,458627,1
8978832,1,458636,1
8063244,1,458645,1
7816698,1,458654,1
10319663,1,458663,1
3723893,1,458681,1
5044184,1,458690,1
5079991,1,458706,1
5020957,1,458715,1
1693374,1,458803,1
1492560,1,458812,1
798108,1,458821,1
1805585,1,458830,1
1861141,1,458849,1
1274515,1,458858,1
1705186,1,458867,1
2608789,1,458885,1
47907178,1,458919,1
2598968,1,458937,1
3480888,1,458955,1
18660193,1,458964,1
15664202,1,458973,1
14484109,1,458982,1
1324671,1,459000,1
1275615,1,459019,1
855001,1,459028,1
1135351,1,459037,1
883894,1,459046,1
1120791,1,459055,1
1118016,1,459064,1
777614,1,459073,1
6914882,1,459107,1
2143226,1,459116,1
400820,1,459125,1
341345,1,459134,1
641047,1,459143,1
2162570,1,459152,1
1867426,1,459161,1
368092,1,459170,1
830462,1,459189,1
2280671,1,459198,1
11387900,1,459204,1
12614272,1,459213,1
1181718,1,459222,1
3705462,1,459231,1
12538710,1,459259,1
12320086,1,459268,1
5132347,1,459277,1
2643605,1,459286,1
1121196,1,459295,1
1711589,1,459301,1
282014,1,459310,1
64300,1,459338,1
622107,1,459347,1
3435975,1,459356,1
429636,1,459365,1
600822,1,459374,1
712292,1,459392,1
30532,1,459417,0
852440,1,459426,1
0,1,459435,0
9055,1,459444,0
1614561,1,459453,1
3269271,1,459462,1
154032,1,459471,1
408774,1,459480,1
264991,1,459499,1
298680,1,459514,1
231860,1,459523,1
799445,1,459532,1
502075,1,459541,1
1997586,1,459550,1
214281,1,459569,1
2061641,1,459578,1
5488566,1,459587,1
5255292,1,459596,1
4193308,1,459602,1
4394220,1,459611,1
3541443,1,459620,1
4985267,1,459639,1
3543711,1,459648,1
4439524,1,459657,1
4058032,1,459666,1
4021795,1,459675,1
5147883,1,459684,1
4618234,1,459693,1
5715199,1,459709,1
5255128,1,459718,1
38801,1,459727,0
1,1,459736,0
916329,1,459815,1
40000,1,459824,0
2102023,1,459833,1
4199644,1,459842,1
4748868,1,459851,1
12902261,1,459930,1
6300886,1,459958,1
3767873,1,459967,1
3293279,1,459985,1
30188744,1,459994,1
374285,1,460002,1
1896221,1,460011,1
11465503,1,460039,1
8675514,1,460048,1
492538,1,460057,1
1344644,1,460066,1
0,1,460075,0
1850384,1,460093,1
1871477,1,460109,1
1886814,1,460118,1
1460959,1,460127,1
6693775,1,460136,1
2580198,1,460145,1
4289379,1,460172,1
7008000,1,460181,1
6720000,1,460190,1
7228000,1,460206,1
9121072,1,460215,1
6543032,1,460358,1
6975314,1,460367,1
1780,1,460385,0
762582,1,460455,1
2064639,1,460473,1
2044165,1,460516,1
3768824,1,460525,1
3613939,1,460534,1
16551000,1,460543,1
840000,1,460552,1
556276,1,460561,1
9911611,1,460613,1
1222272,1,460631,1
721736,1,460640,1
5885953,1,460668,1
1820322,1,460695,1
1612294,1,460701,1
2560799,1,460710,1
8019582,1,460729,1
13682767,1,460738,1
19092123,1,460747,1
2803838,1,460756,1
366818,1,460765,1
8463127,1,460774,1
3349,1,460783,0
6495032,1,460817,1
5487314,1,460826,1
8952743,1,460835,1
7182397,1,460844,1
7305544,1,460853,1
3949520,1,460862,1
6758246,1,460871,1
0,1,460899,0
1748594,1,460905,1
3319050,1,460914,1
9160412,1,460923,1
284326,1,460932,1
295,1,460941,0
865341,1,460950,1
591792,1,460969,1
1792670,1,460978,1
351468,1,460987,1
321477,1,460996,1
712080,1,461005,1
2939801,1,461023,1
0,1,461032,0
4048922,1,461041,1
405464,1,461111,1
0,1,461120,0
7422,1,461139,0
63554133,1,461148,1
1880911,1,461157,1
736654,1,461175,1
1084118,1,461193,1
361496,1,461218,1
825811,1,461227,1
118684,1,461236,0
96838,1,461254,1
1380884,1,461263,1
729150,1,461272,1
2154076,1,461281,1
691902,1,461290,1
1305578,1,461324,1
4032738,1,461333,1
579476,1,461342,1
2349948,1,461351,1
640562,1,461360,1
264102,1,461379,1
299246,1,461388,1
1226949,1,461397,1
360385,1,461403,1
877133,1,461412,1
1490512,1,461421,1
2844345,1,461430,1
810967,1,461449,1
68022,1,461458,1
299649,1,461476,1
75759,1,461485,0
712194,1,461494,1
250395,1,461500,1
2608,1,461528,0
78220,1,461537,1
603596,1,461546,1
951794,1,461555,1
437516,1,461564,1
1366422,1,461573,1
987372,1,461582,1
1640686,1,461591,1
586118,1,461607,1
479373,1,461616,1
115830,1,461625,1
0,1,461643,0
614483,1,461652,1
675184,1,461661,1
528853,1,461670,1
874253,1,461689,1
1181969,1,461698,1
1282589,1,461704,1
538457,1,461713,1
791312,1,461722,1
164206,1,461731,1
255990,1,461740,1
68780,1,461759,0
1518518,1,461768,1
649110,1,461777,1
135000,1,461786,1
497789,1,461795,0
753213,1,461801,1
280973,1,461810,1
1407331,1,461829,1
1117077,1,461838,1
17548,1,461847,0
3713727,1,461856,1
1181273,1,461865,1
678862,1,461874,1
1749010,1,461883,1
1786053,1,461892,1
874705,1,461908,1
1781287,1,461917,1
891256,1,461926,1
218000,1,461935,1
746403,1,461944,1
567023,1,461953,1
4677423,1,461962,1
314718,1,461971,1
2501996,1,461980,1
205942,1,461999,1
2707231,1,462008,1
1012614,1,462017,1
99348,1,462026,1
1794836,1,462035,1
1500,1,462044,0
627435,1,462053,1
1156329,1,462062,1
1908946,1,462071,1
398548,1,462309,1
797072,1,462318,1
354536,1,462327,1
235529,1,462336,1
1088366,1,462345,1
156213,1,462354,0
2973129,1,462363,1
3201931,1,462372,1
1692790,1,462390,1
1071153,1,462406,1
0,1,465812,0
2373317,1,466152,1
1515261,1,466161,1
2270501,1,466170,1
1768530,1,466189,1
4796038,1,466514,1
8609947,1,466921,1
5115167,1,466930,1
3477067,1,467058,1
2490870,1,467094,1
10149344,1,467155,1
1278535,1,467340,1
8672106,1,467784,1
3725860,1,467793,1
1582670,1,467809,1
2301788,1,467863,1
2424557,1,467872,1
7648242,1,467881,1
1698097,1,467906,1
2528503,1,468006,1
7813464,1,468015,1
8170278,1,468024,1
34047,1,468246,0
2500,1,468255,0
4890477,1,468398,1
2745206,1,468732,1
0,1,468769,0
272869,1,468866,1
906081,1,468875,1
4881689,1,468963,1
4220400,1,469054,1
7775235,1,469188,1
425518,1,469197,1
9517003,1,469568,1
7704015,1,469610,1
3740264,1,469629,1
3332187,1,469638,1
3192641,1,469647,1
1229318,1,469911,1
1235038,1,469920,1
3584637,1,469957,1
2737512,1,469975,1
198524,1,469993,1
402293,1,470047,1
8868302,1,470092,1
11398559,1,470162,1
69900,1,470223,1
206020,1,470296,1
1274509,1,470393,1
3197171,1,470852,1
3843314,1,470861,1
3000445,1,470870,1
4612739,1,470889,1
4178653,1,470898,1
3148660,1,470904,1
1801044,1,474702,1
75507,1,474863,0
4042262,1,474881,1
0,1,474890,0
0,1,474906,0
2219756,1,474915,1
1696818,1,474924,1
413844,1,474933,1
495580,1,474942,1
5835011,1,474951,1
2820763,1,474960,1
2897933,1,474979,1
6281202,1,474997,1
3334713,1,475015,1
3537348,1,475024,1
279071,1,475033,0
5244269,1,475042,1
6641727,1,475051,1
4719615,1,475060,1
4466822,1,475079,1
6754722,1,475097,1
132993494,1,475121,1
1577548,1,475130,1
325767,1,475185,0
5617547,1,475194,1
241299,1,475200,0
0,1,475237,0
275966,1,475255,1
0,1,475273,0
670749,1,475282,1
3387552,1,475291,1
4219009,1,475325,1
8468846,1,475352,1
7499604,1,475370,1
323176,1,475389,1
788489,1,475404,1
194993,1,475413,1
0,1,475422,0
87000,1,475431,1
0,1,475440,0
4692463,1,475459,1
640264,1,475468,1
112193,1,475477,0
5722403,1,475495,1
845870,1,475501,1
1877168,1,475510,1
802327,1,475529,1
831633,1,475538,1
1446477,1,475547,1
1548456,1,475556,1
285305,1,475574,1
2315372,1,475583,1
5192677,1,475592,1
284361,1,475608,0
6703501,1,475617,1
173000,1,475626,1
654625,1,475635,1
413547,1,475644,1
193250,1,475653,1
1584296,1,475680,1
2933110,1,475699,1
13588,1,475705,0
1139901,1,475714,1
6522785,1,475732,1
3369663,1,475741,1
5666367,1,475750,1
54621,1,475811,0
3736810,1,475839,1
3477725,1,475866,1
1968495,1,475875,1
1793726,1,475884,1
1108654,1,476179,1
6538883,1,476203,1
1228566,1,476230,1
1053032,1,476294,1
0,1,476319,0
7756382,1,476328,1
2347243,1,476337,1
2672403,1,476346,1
1148652,1,476355,1
154639,1,476373,1
336234,1,476470,0
621116,1,476489,1
433936,1,476498,1
799638,1,476504,1
479471,1,476513,1
746540,1,476522,1
108169,1,476531,1
696568,1,476540,1
743416,1,476559,1
40273,1,476568,1
1495153,1,476577,1
1171909,1,476586,1
607190,1,476595,1
117762,1,476601,0
390041,1,476610,1
1140759,1,476629,1
359422,1,476638,1
0,1,476656,0
253034,1,476674,1
1484285,1,476683,1
17978,1,476692,0
394056,1,476708,1
127046,1,476717,0
577707,1,476726,1
123741,1,476735,1
582321,1,476744,1
1567560,1,476753,1
264649,1,476762,1
192613,1,476771,1
387514,1,476780,1
1023750,1,476799,1
122292,1,476805,1
412734,1,476814,1
514047,1,476823,1
167809,1,476832,1
1754255,1,476841,1
353364,1,476850,1
1160297,1,476869,1
514009,1,476878,1
315851,1,476887,1
626123,1,476896,1
411254,1,476902,1
3864268,1,476911,1
403696,1,476939,1
3226611,1,476948,1
98324,1,476957,1
212231,1,476966,1
1967552,1,476984,1
1655240,1,476993,1
282423,1,477002,1
1974035,1,477011,1
4940838,1,477020,1
6968517,1,477039,1
0,1,477950,0
2136394,1,477996,1
1511937,1,478005,1
1722468,1,478014,1
1092165,1,478582,1
1448038,1,478591,1
852435,1,478616,1
0,1,478625,0
0,1,478634,0
87940,1,478643,1
1630956,1,478661,1
481531,1,478917,1
2354851,1,478953,1
995967,1,479053,1
158130,1,479062,1
506126,1,479248,1
1121604,1,479424,1
3834605,1,479549,1
3412834,1,479558,1
2552224,1,479567,1
2657884,1,479576,1
2351587,1,479585,1
3660897,1,479594,1
2703149,1,479600,1
3387225,1,479619,1
3473839,1,479628,1
1779438,1,479637,1
2565843,1,479646,1
2548117,1,479655,1
1707183,1,479664,1
2140310,1,479770,1
455287,1,479965,1
481784,1,479974,1
379615,1,479983,1
248449,1,479992,1
172853,1,480000,1
1792913,1,480019,1
389815,1,480028,1
6279945,1,480037,1
1462441,1,480064,1
7014095,1,480073,1
6754984,1,480082,1
24988614,1,480091,1
3697426,1,480107,1
1834591,1,480125,1
1937752,1,480143,1
2786088,1,480152,1
58245,1,480161,1
711262,1,480189,0
2525746,1,480301,1
1165638,1,480310,1
5157199,1,480329,1
6455222,1,480338,1
1038631,1,480356,1
1813011,1,480444,1
1093578,1,480480,1
3604244,1,480514,1
1531571,1,480523,1
1385095,1,480532,1
1248533,1,480550,1
0,1,480569,0
3042581,1,480657,1
213106,1,480693,1
70402,1,480718,1
67922,1,480727,0
224550,1,480736,1
4673,1,480754,0
1433149,1,480781,1
20725961,1,480790,1
2557131,1,480815,1
1380412,1,480824,1
1014184,1,480833,1
104145,1,480842,1
186523,1,480879,1
2174534,1,480888,1
1008000,1,480897,1
2379681,1,480903,1
270097,1,480912,1
1590071,1,480930,1
720144,1,480976,1
0,1,480985,0
549170,1,480994,1
564625,1,481003,1
0,1,481030,0
56749,1,481058,0
6500,1,481067,1
0,1,481076,0
2437145,1,481085,1
8219832,1,481094,1
369045,1,481100,1
10100174,1,481119,1
506152,1,481128,1
143648,1,481137,0
135264,1,481146,1
62563,1,481155,0
1159380,1,481164,1
848525,1,481173,1
304000,1,481207,1
29127,1,481225,0
961662,1,481234,1
466998,1,481243,1
71223,1,481252,1
60494,1,481261,1
41115,1,481270,1
1101128,1,481289,1
218151,1,481298,1
1942925,1,481304,1
104407,1,481313,1
30598,1,481322,1
167347,1,481331,1
776892,1,481340,1
243926,1,481359,1
211843,1,481368,1
0,1,481377,0
728773,1,481386,1
97649,1,481395,1
24031,1,481401,0
50986,1,481410,0
1149964,1,481429,1
242053,1,481438,0
470886,1,481447,1
61841,1,481456,1
0,1,481465,0
336543,1,481474,1
1379363,1,481483,1
82500,1,481492,1
1082443,1,481508,1
629442,1,481517,1
297026,1,481526,1
19066000,1,481535,0
336423,1,481544,1
174653,1,481553,1
220919,1,481562,1
53710,1,481571,0
146542,1,481580,1
444487,1,481614,1
1755979,1,481623,1
5648125,1,481632,1
1361827,1,481669,1
717363,1,481678,1
4446640,1,481720,1
663322,1,481739,1
1065820,1,481748,1
1631822,1,481827,1
690745,1,481845,1
806620,1,481863,1
527204,1,481890,1
974369,1,481906,1
1215200,1,481942,1
1398428,1,481988,1
821134,1,482097,1
242856,1,482103,1
175344,1,482167,1
1592341,1,482176,1
97229,1,482185,0
1264890,1,482194,1
84053,1,482200,1
13494,1,482228,0
438708,1,482246,1
1399621,1,482307,1
1450988,1,482316,1
1463624,1,482325,1
1367100,1,482334,1
1519332,1,482343,1
1918438,1,482352,1
2938152,1,482361,1
1747144,1,482370,1
1060584,1,482389,1
6199029,1,482398,1
28833392,1,482413,1
17713710,1,482422,1
97760259,1,482431,1
12224137,1,482440,1
34534720,1,482459,1
70932379,1,482468,1
99844835,1,482477,1
4910738,1,482486,1
1328110,1,482495,1
1784470,1,482501,1
2679796,1,482510,1
3451003,1,482529,1
14509461,1,482538,1
4137572,1,482547,1
21966360,1,482556,1
7957907,1,482565,1
28852882,1,482574,1
1771094,1,482583,1
2726655,1,482592,1
20416486,1,482608,1
4577019,1,482617,1
44243673,1,482635,1
1855661,1,482644,1
16124954,1,482653,1
10380545,1,482662,1
3386190,1,482671,1
5417522,1,482954,1
671754,1,482990,1
472162,1,483018,0
83474,1,483054,1
510089001,1,483090,1
1053743,1,483106,1
